,,,,
Остаток,,,Кол-во,паспорт
(1590-9990 ) (ОПРАВЫ + CLIP) (Ж),,,3,3
(1590-9990 ) (ОПРАВЫ + CLIP) (М),,,6,6
(4000-9990) ( БЕЗОБОДКОВЫЕ ) (ж),,,2,3
(4000-9990) ( БЕЗОБОДКОВЫЕ ) (м),,,2,2
(детские) (пластик) (36-41),,,1,3
(детские) (пластик) (42-45),,,8,8
(детские) (пластик) (46-49),,,5,5
(детские)(FISHER PRICE) девочки 38-41,,,1,2
(детские)(FISHER PRICE) девочки 42-46,,,7,8
(детские)(FISHER PRICE) девочки 47-54,,,3,3
(детские)(FISHER PRICE) мальчики 38-41,,,3,3
(детские)(FISHER PRICE) мальчики 42-46,,,4,6
(детские)(FISHER PRICE) мальчики 47-54,,,8,8
(детские)(NANOKIDS/LIFE),,,4,5
(детские/подростковые ) (NANO) (52-56),,,1,4
(детские/подростковые) (BARBIE),,,6,10
(детские/подростковые) (BENETTON),,,5,5
(детские/подростковые) (CAROLINA/MINI/CHLOE),,,8,8
(детские/подростковые) (CHOCO),,,7,6
(детские/подростковые) (DOLCE&GABBANA),,,9,8
(детские/подростковые) (ETNIA BARCELONA) ,,,,7
(детские/подростковые) (GUESS),,,11,6
(детские/подростковые) (HOT WHEELS),,,8,8
(детские/подростковые) (KIDSIGHT),,,3,8
(детские/подростковые) (NEW BALANCE),,,1,2
(детские/подростковые) (OU/SCOUT),,,16,14
(детские/подростковые) (PEPE JEANS),,,3,2
(детские/подростковые) (PUMA/LACOSTE/LIU),,,3,4
(детские/подростковые) (RAY-BAN),,,3,4
(детские/подростковые) (SENSE EYEWEAR) НОЛЬ-ТАРИФ,,,8,7
(детские/подростковые) (SEVENTH STREET),,,2,4
(детские/подростковые) (VERSACE),,,8,8
(детские/подростковые) (VERSO),,,10,5
(подростковые) (металл для девочек),,,7,15
(подростковые) (металл для мальчиков/универс),,,9,12
(подростковые) (пластик для девочек),,,15,15
(подростковые) (пластик для мальчиков/универс),,,28,15
1(0-1490) (МЕТАЛЛ) (Ж),,,3,
1(0-1490) (МЕТАЛЛ) (М),,,1,
1(0-1490) (ПЛАСТИК) (Ж),,,1,
1(0-1490) (ПЛАСТИК) (М),,,1,
2(1590-3990) (DACKOR) (металл) (м),,,6,6
2(1590-3990) (DACKOR) (пластик) (м),,,,
2(1590-3990) (GENEX) (ж),,,4,8
2(1590-3990) (GENEX) (м),,,7,12
2(1590-3990) (ISABELLE) (пластик) (ж),,,8,8
2(1590-3990) (NIKITANA) (ж),,,2,
2(1590-3990) (OU) (мет+пл) (ж),,,1,
2(1590-3990) (SENSE EYEWEAR) (ме) (ж),,,6,6
2(1590-3990) (SENSE EYEWEAR) (ме) (ж) хит5,,,4,2
2(1590-3990) (SENSE EYEWEAR) (ме) (м),,,6,6
2(1590-3990) (SENSE EYEWEAR) (пл) (ж),,,8,8
2(1590-3990) (SENSE EYEWEAR) (пл) (м),,,9,6
3(4000-5990) (BALLET IMAGE) (м),,,12,12
3(4000-5990) (GLORY) (металл) (ж),,,8,8
3(4000-5990) (GLORY) (металл) (м),,,5,5
3(4000-5990) (HUMARS) (ж),,,7,8
3(4000-5990) (HUMARS) (м),,,9,12
3(4000-5990) (MEGAPOLIS) (ж),,,4,8
3(4000-5990) (OPTILOOK) (металл) (ж),,,7,8
3(4000-5990) (OPTILOOK) (пластик) (ж),,,16,16
3(4000-5990) (OU) (ж),,,15,16
3(4000-5990) (OU) (м),,,12,12
3(4000-5990) (SENSE EYEWEAR) (ж) хит6,,,2,2
3(4000-5990) (SENSE EYEWEAR) (ж)(ме),,,28,28
3(4000-5990) (SENSE EYEWEAR) (ж)(пл) ,,,16,16
3(4000-5990) (SENSE EYEWEAR) (м),,,50,50
3(4000-5990) (SENSE EYEWEAR) (у)(titan NB),,,1,
4(6000-9990) (BULGET) (ж),,,8,8
4(6000-9990) (BULGET) (м),,,14,14
4(6000-9990) (ELFSPIRIT) (ж),,,7,8
4(6000-9990) (ELFSPIRIT) (м),,,9,14
4(6000-9990) (ENNI MARCO) (ж),,,16,16
4(6000-9990) (ENNI MARCO) (м),,,7,7
4(6000-9990) (LINA LATINI titanium) (ж),,,8,8
4(6000-9990) (MAX&CO) (ж),,,8,8
4(6000-9990) (MEGAPOLIS) (м),,,4,7
4(6000-9990) (NEOLOOK) (ж),,,8,8
4(6000-9990) (NEOLOOK) (м),,,14,14
4(6000-9990) (OU) (м),,,2,
4(6000-9990) (SEEBLING титановые) (ж) ,,,16,16
4(6000-9990) (SEEBLING титановые) (м) ,,,12,12
4(6000-9990) (SFEROFLEX) (ж),,,4,
4(6000-9990) (SFEROFLEX) (м),,,3,7
4(6000-9990) (WILLIAM MORRIS) (ж),,,18,18
5(10000-24990) (ANA HICKMANN) (ж),,,12,12
5(10000-24990) (BOSS/HUGO BOSS) (м),,,7,7
5(10000-24990) (CARRERA) (м),,,8,8
5(10000-24990) (CERUTTI) (м),,,9,7
5(10000-24990) (DAVID BECKHEM) (м),,,7,7
5(10000-24990) (EMILIA) (ж),,,8,8
5(10000-24990) (EMPORIO ARMANI) (м),,,7,7
5(10000-24990) (ETRO) (ж),,,9,8
5(10000-24990) (FURLA) (ж),,,9,8
5(10000-24990) (GRESSO) (м),,,8,8
5(10000-24990) (GUESS) (ж),,,16,16
5(10000-24990) (GUESS) (м),,,7,7
5(10000-24990) (MOLESKINE) (у),,,8,8
5(10000-24990) (MOREL/KOALI/NOMAD/LIGHTEC) (ж),,,10,9
5(10000-24990) (MOREL/OGA/NOMAD/LIGHTEC) (м),,,8,8
5(10000-24990) (PEPE JEANS) (м),,,2,
5(10000-24990) (RAY BAN),,,25,26
5(10000-24990) (RAY BAN) (6363),,,,2
5(10000-24990) (SEIKO) (ж),,,7,8
5(10000-24990) (SEIKO) (м),,,8,8
5(10000-24990) (SLIMFOLD) (м),,,8,6
5(10000-24990) (STEPPER) (ж),,,18,18
5(10000-24990) (STEPPER) (м),,,15,14
5(10000-24990) (T-CHARGE) (м),,,14,14
5(10000-24990) (TED BAKER) (ж),,,7,8
5(10000-24990) (TED BAKER) (м),,,8,7
5(10000-24990) (TRUSSARDI) (ж),,,9,8
5(10000-24990) (TRUSSARDI) (м),,,8,8
5(10000-24990) (VOGUE) (ж),,,2,
5(10000-24990) (WILLIAM MORRIS BL) (ж),,,10,10
5(10000-24990) (WILLIAM MORRIS) (м),,,14,14
5(10000-24990) (XAVIER GARCIA) (ж),,,8,8
5(10000-24990) (XAVIER GARCIA) (м),,,7,7
VIP (CAZAL) ( ж),,,8,8
VIP (CAZAL) (м),,,8,8
VIP (CHARMANT LINE ART) (ж),,,1,3
VIP (CHARRIOL) (м) #,,,8,8
VIP (ETNIA BARCELONA) (ж)#,,,10,10
VIP (ETNIA BARCELONA) (м)#,,,8,8
VIP (GOTTI) (ж),,,8,8
VIP (GOTTI) (у),,,5,8
VIP (JAGUAR),,,8,8
VIP (LAFONT) (ж),,,7,8
VIP (MONTBLANC)#,,,7,8
VIP (MYKITA),,,4,
VIP (PRADA LINEA ROSSA)#,,,10,7
VIP (PRADA)#,,,8,8
VIP (SILHOUETTE),,,8,8
VIP (TIFFANY),,,8,8
РАСПРОДАЖА (Ж) (10 000 - ...),,,1,
