Салон,Наименование группы,Кол-во (группа),Паспорт,Полный класс (доминирующий),Остаток по классу,Прогноз по классу (квартал),"Прогноз по классу (месяц1, месяц2, месяц3)",XYZ-категория,Рекомендация
Васенко,1(0-1490) (МЕТАЛЛ) (Ж),12,12,бабочка_металл_золотой_M_L_M,17,14,"3, 2, 9",X,Убрать / Перераспределить
Васенко,(1590-9990 ) (ОПРАВЫ + CLIP) (Ж),3,3,бабочка_металл_золотой_M_L_M,17,14,"3, 2, 9",X,Убрать / Перераспределить
Васенко,1(0-1490) (МЕТАЛЛ) (Ж),7,7,бабочка_металл_золотой_M_L_M,17,14,"3, 2, 9",X,Убрать / Перераспределить
Васенко,1(0-1490) (ПЛАСТИК) (Ж),10,10,бабочка_пластик_черный_M_L_M,14,24,"4, 2, 18",X,Заказать
Васенко,1(0-1490) (ПЛАСТИК) (Ж),7,7,бабочка_пластик_черный_M_L_M,14,24,"4, 2, 18",X,Заказать
Васенко,(подростковые) (пластик для девочек),13,8,квадратные_пластик_черный_L_L_L,57,3,"3, 0, 0",X,Убрать / Перераспределить
Васенко,(подростковые) (пластик для мальчиков/универс),23,14,квадратные_пластик_черный_L_L_L,57,3,"3, 0, 0",X,Убрать / Перераспределить
Васенко,1(0-1490) (ПЛАСТИК) (М),8,8,квадратные_пластик_черный_L_L_L,57,3,"3, 0, 0",X,Убрать / Перераспределить
Васенко,2(1590-3990) (DACKOR) (ж),7,7,квадратные_пластик_черный_L_L_L,57,3,"3, 0, 0",X,Убрать / Перераспределить
Васенко,2(1590-3990) (DACKOR) (пластик) (м),7,7,квадратные_пластик_черный_L_L_L,57,3,"3, 0, 0",X,Убрать / Перераспределить
Васенко,2(1590-3990) (GENEX) (ж),10,10,квадратные_пластик_черный_L_L_L,57,3,"3, 0, 0",X,Убрать / Перераспределить
Васенко,2(1590-3990) (GENEX) (м),10,10,квадратные_пластик_черный_L_L_L,57,3,"3, 0, 0",X,Убрать / Перераспределить
Васенко,2(1590-3990) (ISABELLE) (пластик) (ж),7,7,квадратные_пластик_черный_L_L_L,57,3,"3, 0, 0",X,Убрать / Перераспределить
Васенко,2(1590-3990) (NIKITANA) (ж),17,17,квадратные_пластик_черный_L_L_L,57,3,"3, 0, 0",X,Убрать / Перераспределить
Васенко,2(1590-3990) (SENSE EYEWEAR) (ме) (ж),29,30,квадратные_пластик_черный_L_L_L,57,3,"3, 0, 0",X,Убрать / Перераспределить
Васенко,2(1590-3990) (SENSE EYEWEAR) (ме) (ж) хит5,4,4,квадратные_пластик_черный_L_L_L,57,3,"3, 0, 0",X,Убрать / Перераспределить
Васенко,2(1590-3990) (SENSE EYEWEAR) (ме) (м),34,34,квадратные_пластик_черный_L_L_L,57,3,"3, 0, 0",X,Убрать / Перераспределить
Васенко,2(1590-3990) (SENSE EYEWEAR) (пл) (ж),17,17,квадратные_пластик_черный_L_L_L,57,3,"3, 0, 0",X,Убрать / Перераспределить
Васенко,2(1590-3990) (SENSE EYEWEAR) (пл) (м),18,17,квадратные_пластик_черный_L_L_L,57,3,"3, 0, 0",X,Убрать / Перераспределить
Васенко,3(4000-5990) (GLORY) (пластик) (ж),10,10,квадратные_пластик_черный_L_L_L,57,3,"3, 0, 0",X,Убрать / Перераспределить
Васенко,3(4000-5990) (GLORY) (пластик) (м),11,14,квадратные_пластик_черный_L_L_L,57,3,"3, 0, 0",X,Убрать / Перераспределить
Васенко,3(4000-5990) (HUMARS) (м),7,7,квадратные_пластик_черный_L_L_L,57,3,"3, 0, 0",X,Убрать / Перераспределить
Васенко,3(4000-5990) (MEGAPOLIS) (ж),17,17,квадратные_пластик_черный_L_L_L,57,3,"3, 0, 0",X,Убрать / Перераспределить
Васенко,3(4000-5990) (OPTILOOK) (пластик) (ж),10,10,квадратные_пластик_черный_L_L_L,57,3,"3, 0, 0",X,Убрать / Перераспределить
Васенко,3(4000-5990) (OU) (ж),16,17,квадратные_пластик_черный_L_L_L,57,3,"3, 0, 0",X,Убрать / Перераспределить
Васенко,3(4000-5990) (OU) (м),2,0,квадратные_пластик_черный_L_L_L,57,3,"3, 0, 0",X,Убрать / Перераспределить
Васенко,3(4000-5990) (RICO MIRADO) (ж),17,17,квадратные_пластик_черный_L_L_L,57,3,"3, 0, 0",X,Убрать / Перераспределить
Васенко,3(4000-5990) (SENSE EYEWEAR) (ж) хит6,1,0,квадратные_пластик_черный_L_L_L,57,3,"3, 0, 0",X,Убрать / Перераспределить
Васенко,3(4000-5990) (SENSE EYEWEAR) (ж)(ме),23,24,квадратные_пластик_черный_L_L_L,57,3,"3, 0, 0",X,Убрать / Перераспределить
Васенко,3(4000-5990) (SENSE EYEWEAR) (ж)(пл) ,17,17,квадратные_пластик_черный_L_L_L,57,3,"3, 0, 0",X,Убрать / Перераспределить
Васенко,3(4000-5990) (SENSE EYEWEAR) (м),47,47,квадратные_пластик_черный_L_L_L,57,3,"3, 0, 0",X,Убрать / Перераспределить
Васенко,3(4000-5990) (SENSE EYEWEAR) (м) хит4,4,4,квадратные_пластик_черный_L_L_L,57,3,"3, 0, 0",X,Убрать / Перераспределить
Васенко,3(4000-5990) (SENSE EYEWEAR) (у)(titan NB),1,0,квадратные_пластик_черный_L_L_L,57,3,"3, 0, 0",X,Убрать / Перераспределить
Васенко,4(6000-9990) (ELFSPIRIT) (ж),5,7,квадратные_пластик_черный_L_L_L,57,3,"3, 0, 0",X,Убрать / Перераспределить
Васенко,4(6000-9990) (ELFSPIRIT) (м),7,7,квадратные_пластик_черный_L_L_L,57,3,"3, 0, 0",X,Убрать / Перераспределить
Васенко,4(6000-9990) (ENNI MARCO) (м),1,0,квадратные_пластик_черный_L_L_L,57,3,"3, 0, 0",X,Убрать / Перераспределить
Васенко,4(6000-9990) (MEGAPOLIS) (м),3,4,квадратные_пластик_черный_L_L_L,57,3,"3, 0, 0",X,Убрать / Перераспределить
Васенко,4(6000-9990) (OU) (ж),5,5,квадратные_пластик_черный_L_L_L,57,3,"3, 0, 0",X,Убрать / Перераспределить
Васенко,4(6000-9990) (SEEBLING титановые) (ж) ,10,10,квадратные_пластик_черный_L_L_L,57,3,"3, 0, 0",X,Убрать / Перераспределить
Васенко,4(6000-9990) (SEEBLING титановые) (м) ,10,10,квадратные_пластик_черный_L_L_L,57,3,"3, 0, 0",X,Убрать / Перераспределить
Васенко,4(6000-9990) (WILLIAM MORRIS) (ж),12,12,квадратные_пластик_черный_L_L_L,57,3,"3, 0, 0",X,Убрать / Перераспределить
Васенко,5(10000-24990) (STEPPER) (ж),17,17,квадратные_пластик_черный_L_L_L,57,3,"3, 0, 0",X,Убрать / Перераспределить
Васенко,5(10000-24990) (STEPPER) (м),17,17,квадратные_пластик_черный_L_L_L,57,3,"3, 0, 0",X,Убрать / Перераспределить
Васенко,(подростковые) (пластик для девочек),22,20,квадратные_пластик_черный_L_L_L,57,3,"3, 0, 0",X,Убрать / Перераспределить
Васенко,(подростковые) (пластик для мальчиков/универс),26,22,квадратные_пластик_черный_L_L_L,57,3,"3, 0, 0",X,Убрать / Перераспределить
Васенко,1(0-1490) (ПЛАСТИК) (М),7,7,квадратные_пластик_черный_L_L_L,57,3,"3, 0, 0",X,Убрать / Перераспределить
Васенко,2(1590-3990) (DACKOR) (ж),14,14,квадратные_пластик_черный_L_L_L,57,3,"3, 0, 0",X,Убрать / Перераспределить
Васенко,2(1590-3990) (DACKOR) (пластик) (м),7,7,квадратные_пластик_черный_L_L_L,57,3,"3, 0, 0",X,Убрать / Перераспределить
Васенко,2(1590-3990) (GENEX) (ж),6,7,квадратные_пластик_черный_L_L_L,57,3,"3, 0, 0",X,Убрать / Перераспределить
Васенко,2(1590-3990) (GENEX) (м),12,14,квадратные_пластик_черный_L_L_L,57,3,"3, 0, 0",X,Убрать / Перераспределить
Васенко,2(1590-3990) (ISABELLE) (пластик) (ж),13,14,квадратные_пластик_черный_L_L_L,57,3,"3, 0, 0",X,Убрать / Перераспределить
Васенко,2(1590-3990) (NIKITANA) (ж),14,14,квадратные_пластик_черный_L_L_L,57,3,"3, 0, 0",X,Убрать / Перераспределить
Васенко,2(1590-3990) (OU) (мет+пл) (ж),2,4,квадратные_пластик_черный_L_L_L,57,3,"3, 0, 0",X,Убрать / Перераспределить
Васенко,2(1590-3990) (SENSE EYEWEAR) (ме) (ж),24,24,квадратные_пластик_черный_L_L_L,57,3,"3, 0, 0",X,Убрать / Перераспределить
Васенко,2(1590-3990) (SENSE EYEWEAR) (ме) (ж) хит5,4,4,квадратные_пластик_черный_L_L_L,57,3,"3, 0, 0",X,Убрать / Перераспределить
Васенко,2(1590-3990) (SENSE EYEWEAR) (ме) (м),14,14,квадратные_пластик_черный_L_L_L,57,3,"3, 0, 0",X,Убрать / Перераспределить
Васенко,2(1590-3990) (SENSE EYEWEAR) (пл) (ж),21,21,квадратные_пластик_черный_L_L_L,57,3,"3, 0, 0",X,Убрать / Перераспределить
Васенко,2(1590-3990) (SENSE EYEWEAR) (пл) (м),14,14,квадратные_пластик_черный_L_L_L,57,3,"3, 0, 0",X,Убрать / Перераспределить
Васенко,2(1590-3990) (SHARMEL) (м),14,14,квадратные_пластик_черный_L_L_L,57,3,"3, 0, 0",X,Убрать / Перераспределить
Васенко,3(4000-5990) (BALLET IMAGE) (ж),14,14,квадратные_пластик_черный_L_L_L,57,3,"3, 0, 0",X,Убрать / Перераспределить
Васенко,3(4000-5990) (GLORY) (пластик) (ж),13,14,квадратные_пластик_черный_L_L_L,57,3,"3, 0, 0",X,Убрать / Перераспределить
Васенко,3(4000-5990) (GLORY) (пластик) (м),5,7,квадратные_пластик_черный_L_L_L,57,3,"3, 0, 0",X,Убрать / Перераспределить
Васенко,3(4000-5990) (HUMARS) (ж),7,7,квадратные_пластик_черный_L_L_L,57,3,"3, 0, 0",X,Убрать / Перераспределить
Васенко,3(4000-5990) (MEGAPOLIS) (ж),10,14,квадратные_пластик_черный_L_L_L,57,3,"3, 0, 0",X,Убрать / Перераспределить
Васенко,3(4000-5990) (MEREL/ST.LOUISE) (ж),2,0,квадратные_пластик_черный_L_L_L,57,3,"3, 0, 0",X,Убрать / Перераспределить
Васенко,3(4000-5990) (OPTILOOK) (пластик) (ж),10,7,квадратные_пластик_черный_L_L_L,57,3,"3, 0, 0",X,Убрать / Перераспределить
Васенко,3(4000-5990) (OU) (ж),18,14,квадратные_пластик_черный_L_L_L,57,3,"3, 0, 0",X,Убрать / Перераспределить
Васенко,3(4000-5990) (OU) (м),12,12,квадратные_пластик_черный_L_L_L,57,3,"3, 0, 0",X,Убрать / Перераспределить
Васенко,3(4000-5990) (RICO MIRADO) (ж),8,7,квадратные_пластик_черный_L_L_L,57,3,"3, 0, 0",X,Убрать / Перераспределить
Васенко,3(4000-5990) (SENSE EYEWEAR) (ж) хит6,4,4,квадратные_пластик_черный_L_L_L,57,3,"3, 0, 0",X,Убрать / Перераспределить
Васенко,3(4000-5990) (SENSE EYEWEAR) (ж)(ме),50,52,квадратные_пластик_черный_L_L_L,57,3,"3, 0, 0",X,Убрать / Перераспределить
Васенко,3(4000-5990) (SENSE EYEWEAR) (ж)(пл) ,29,28,квадратные_пластик_черный_L_L_L,57,3,"3, 0, 0",X,Убрать / Перераспределить
Васенко,3(4000-5990) (SENSE EYEWEAR) (м),56,56,квадратные_пластик_черный_L_L_L,57,3,"3, 0, 0",X,Убрать / Перераспределить
Васенко,3(4000-5990) (SENSE EYEWEAR) (м) хит4,4,4,квадратные_пластик_черный_L_L_L,57,3,"3, 0, 0",X,Убрать / Перераспределить
Васенко,3(4000-5990) (SENSE EYEWEAR) (у)(titan NB),10,10,квадратные_пластик_черный_L_L_L,57,3,"3, 0, 0",X,Убрать / Перераспределить
Васенко,4(6000-9990) (BULGET) (ж),9,9,квадратные_пластик_черный_L_L_L,57,3,"3, 0, 0",X,Убрать / Перераспределить
Васенко,4(6000-9990) (BULGET) (м),9,9,квадратные_пластик_черный_L_L_L,57,3,"3, 0, 0",X,Убрать / Перераспределить
Васенко,4(6000-9990) (ELFSPIRIT) (ж),5,7,квадратные_пластик_черный_L_L_L,57,3,"3, 0, 0",X,Убрать / Перераспределить
Васенко,4(6000-9990) (ELFSPIRIT) (м),9,9,квадратные_пластик_черный_L_L_L,57,3,"3, 0, 0",X,Убрать / Перераспределить
Васенко,4(6000-9990) (ENNI MARCO) (ж),7,9,квадратные_пластик_черный_L_L_L,57,3,"3, 0, 0",X,Убрать / Перераспределить
Васенко,4(6000-9990) (ENNI MARCO) (м),11,9,квадратные_пластик_черный_L_L_L,57,3,"3, 0, 0",X,Убрать / Перераспределить
Васенко,4(6000-9990) (MEGAPOLIS) (м),4,5,квадратные_пластик_черный_L_L_L,57,3,"3, 0, 0",X,Убрать / Перераспределить
Васенко,4(6000-9990) (NEOLOOK) (м),9,9,квадратные_пластик_черный_L_L_L,57,3,"3, 0, 0",X,Убрать / Перераспределить
Васенко,4(6000-9990) (OU) (ж),18,21,квадратные_пластик_черный_L_L_L,57,3,"3, 0, 0",X,Убрать / Перераспределить
Васенко,4(6000-9990) (OU) (м),7,9,квадратные_пластик_черный_L_L_L,57,3,"3, 0, 0",X,Убрать / Перераспределить
Васенко,4(6000-9990) (SEEBLING титановые) (ж) ,15,14,квадратные_пластик_черный_L_L_L,57,3,"3, 0, 0",X,Убрать / Перераспределить
Васенко,4(6000-9990) (SEEBLING титановые) (м) ,9,9,квадратные_пластик_черный_L_L_L,57,3,"3, 0, 0",X,Убрать / Перераспределить
Васенко,4(6000-9990) (SFEROFLEX) (ж),3,9,квадратные_пластик_черный_L_L_L,57,3,"3, 0, 0",X,Убрать / Перераспределить
Васенко,4(6000-9990) (SFEROFLEX) (м),6,9,квадратные_пластик_черный_L_L_L,57,3,"3, 0, 0",X,Убрать / Перераспределить
Васенко,4(6000-9990) (VY) (ж),8,9,квадратные_пластик_черный_L_L_L,57,3,"3, 0, 0",X,Убрать / Перераспределить
Васенко,4(6000-9990) (WILLIAM MORRIS) (ж),18,18,квадратные_пластик_черный_L_L_L,57,3,"3, 0, 0",X,Убрать / Перераспределить
Васенко,5(10000-24990) (ANA HICKMANN) (ж),9,8,квадратные_пластик_черный_L_L_L,57,3,"3, 0, 0",X,Убрать / Перераспределить
Васенко,5(10000-24990) (BOSS/HUGO BOSS) (м),8,8,квадратные_пластик_черный_L_L_L,57,3,"3, 0, 0",X,Убрать / Перераспределить
Васенко,5(10000-24990) (CERUTTI) (м),8,8,квадратные_пластик_черный_L_L_L,57,3,"3, 0, 0",X,Убрать / Перераспределить
Васенко,5(10000-24990) (EMILIA) (ж),8,8,квадратные_пластик_черный_L_L_L,57,3,"3, 0, 0",X,Убрать / Перераспределить
Васенко,5(10000-24990) (EMPORIO ARMANI) (м),8,8,квадратные_пластик_черный_L_L_L,57,3,"3, 0, 0",X,Убрать / Перераспределить
Васенко,5(10000-24990) (GUESS) (ж),18,18,квадратные_пластик_черный_L_L_L,57,3,"3, 0, 0",X,Убрать / Перераспределить
Васенко,5(10000-24990) (GUESS) (м),9,9,квадратные_пластик_черный_L_L_L,57,3,"3, 0, 0",X,Убрать / Перераспределить
Васенко,5(10000-24990) (MOREL/OGA/NOMAD/LIGHTEC) (м),8,8,квадратные_пластик_черный_L_L_L,57,3,"3, 0, 0",X,Убрать / Перераспределить
Васенко,5(10000-24990) (RAY BAN),7,8,квадратные_пластик_черный_L_L_L,57,3,"3, 0, 0",X,Убрать / Перераспределить
Васенко,5(10000-24990) (SLIMFOLD) (м),3,3,квадратные_пластик_черный_L_L_L,57,3,"3, 0, 0",X,Убрать / Перераспределить
Васенко,5(10000-24990) (STEPPER) (ж),19,18,квадратные_пластик_черный_L_L_L,57,3,"3, 0, 0",X,Убрать / Перераспределить
Васенко,5(10000-24990) (STEPPER) (м),11,9,квадратные_пластик_черный_L_L_L,57,3,"3, 0, 0",X,Убрать / Перераспределить
Васенко,5(10000-24990) (T-CHARGE) (м),12,9,квадратные_пластик_черный_L_L_L,57,3,"3, 0, 0",X,Убрать / Перераспределить
Васенко,5(10000-24990) (TRUSSARDI) (м),8,8,квадратные_пластик_черный_L_L_L,57,3,"3, 0, 0",X,Убрать / Перераспределить
Васенко,5(10000-24990) (VOGUE) (ж),8,8,квадратные_пластик_черный_L_L_L,57,3,"3, 0, 0",X,Убрать / Перераспределить
Васенко,5(10000-24990) (WILLIAM MORRIS BL) (ж),9,9,квадратные_пластик_черный_L_L_L,57,3,"3, 0, 0",X,Убрать / Перераспределить
Васенко,5(10000-24990) (WILLIAM MORRIS) (м),10,9,квадратные_пластик_черный_L_L_L,57,3,"3, 0, 0",X,Убрать / Перераспределить
Васенко,5(10000-24990) (XAVIER GARCIA) (ж),1,0,квадратные_пластик_черный_L_L_L,57,3,"3, 0, 0",X,Убрать / Перераспределить
Васенко,VIP (CHARRIOL) (ж) #,1,0,квадратные_пластик_черный_L_L_L,57,3,"3, 0, 0",X,Убрать / Перераспределить
Васенко,VIP (MONTBLANC)#,1,0,квадратные_пластик_черный_L_L_L,57,3,"3, 0, 0",X,Убрать / Перераспределить
Васенко,(детские) (пластик) (36-41),2,3,квадратные_пластик_черный_S_M_M,13,0,"0, 0, 0",X,Нет прогноза
Васенко,(детские) (пластик) (42-45),11,10,квадратные_пластик_черный_S_M_M,13,0,"0, 0, 0",X,Нет прогноза
Васенко,(детские) (пластик) (46-49),12,8,квадратные_пластик_черный_S_M_M,13,0,"0, 0, 0",X,Нет прогноза
Васенко,(детские) (пластик) (36-41),3,3,квадратные_пластик_черный_S_M_M,13,0,"0, 0, 0",X,Нет прогноза
Васенко,(детские) (пластик) (42-45),20,10,квадратные_пластик_черный_S_M_M,13,0,"0, 0, 0",X,Нет прогноза
Васенко,(детские) (пластик) (46-49),13,5,квадратные_пластик_черный_S_M_M,13,0,"0, 0, 0",X,Нет прогноза
Васенко,(детские) (металл),2,2,половинки_металл_коричневый_S_M_L,0,0,"0, 0, 0",X,Нет данных
Васенко,(детские/подростковые) (OU/SCOUT),10,8,половинки_металл_коричневый_S_M_L,0,0,"0, 0, 0",X,Нет данных
Васенко,(детские/подростковые) (SENSE EYEWEAR) НОЛЬ-ТАРИФ,6,6,половинки_металл_коричневый_S_M_L,0,0,"0, 0, 0",X,Нет данных
Васенко,(детские/подростковые) (VERSO),6,6,половинки_металл_коричневый_S_M_L,0,0,"0, 0, 0",X,Нет данных
Васенко,(детские)(FISHER PRICE) девочки 42-46,6,6,половинки_металл_коричневый_S_M_L,0,0,"0, 0, 0",X,Нет данных
Васенко,(детские)(FISHER PRICE) девочки 47-54,2,2,половинки_металл_коричневый_S_M_L,0,0,"0, 0, 0",X,Нет данных
Васенко,(детские)(FISHER PRICE) мальчики 38-41,2,2,половинки_металл_коричневый_S_M_L,0,0,"0, 0, 0",X,Нет данных
Васенко,(детские)(FISHER PRICE) мальчики 42-46,7,5,половинки_металл_коричневый_S_M_L,0,0,"0, 0, 0",X,Нет данных
Васенко,(детские)(FISHER PRICE) мальчики 47-54,4,5,половинки_металл_коричневый_S_M_L,0,0,"0, 0, 0",X,Нет данных
Васенко,(детские)(NANOKIDS/LIFE),5,5,половинки_металл_коричневый_S_M_L,0,0,"0, 0, 0",X,Нет данных
Васенко,(детские/подростковые) (BARBIE),6,10,половинки_металл_коричневый_S_M_L,0,0,"0, 0, 0",X,Нет данных
Васенко,(детские/подростковые) (GUESS),5,0,половинки_металл_коричневый_S_M_L,0,0,"0, 0, 0",X,Нет данных
Васенко,(детские/подростковые) (HOT WHEELS),4,4,половинки_металл_коричневый_S_M_L,0,0,"0, 0, 0",X,Нет данных
Васенко,(детские/подростковые) (KIDSIGHT),5,10,половинки_металл_коричневый_S_M_L,0,0,"0, 0, 0",X,Нет данных
Васенко,(детские/подростковые) (OU/SCOUT),14,14,половинки_металл_коричневый_S_M_L,0,0,"0, 0, 0",X,Нет данных
Васенко,(детские/подростковые) (SENSE EYEWEAR) НОЛЬ-ТАРИФ,6,7,половинки_металл_коричневый_S_M_L,0,0,"0, 0, 0",X,Нет данных
Васенко,(детские/подростковые) (VERSO),10,10,половинки_металл_коричневый_S_M_L,0,0,"0, 0, 0",X,Нет данных
Васенко,(детские/подростковые) (VOGUE),1,0,половинки_металл_коричневый_S_M_L,0,0,"0, 0, 0",X,Нет данных
Васенко,(4000-9990) ( БЕЗОБОДКОВЫЕ ) (ж),2,2,прямоугольные_металл_золотой_L_L_L,13,4,"0, 4, 0",X,Убрать / Перераспределить
Васенко,(4000-9990) ( БЕЗОБОДКОВЫЕ ) (ж),2,2,прямоугольные_металл_золотой_L_L_L,13,4,"0, 4, 0",X,Убрать / Перераспределить
Васенко,(4000-9990) ( БЕЗОБОДКОВЫЕ ) (м),2,2,прямоугольные_металл_золотой_L_L_L,13,4,"0, 4, 0",X,Убрать / Перераспределить
Васенко,(1590-9990 ) (ОПРАВЫ + CLIP) (М),3,3,прямоугольные_металл_черный_M_L_M,47,17,"6, 0, 11",X,Убрать / Перераспределить
Васенко,(подростковые) (металл для девочек),7,8,прямоугольные_металл_черный_M_L_M,47,17,"6, 0, 11",X,Убрать / Перераспределить
Васенко,(подростковые) (металл для мальчиков/универс),12,15,прямоугольные_металл_черный_M_L_M,47,17,"6, 0, 11",X,Убрать / Перераспределить
Васенко,1(0-1490) (МЕТАЛЛ) (М),12,12,прямоугольные_металл_черный_M_L_M,47,17,"6, 0, 11",X,Убрать / Перераспределить
Васенко,2(1590-3990) (DACKOR) (металл) (м),17,17,прямоугольные_металл_черный_M_L_M,47,17,"6, 0, 11",X,Убрать / Перераспределить
Васенко,3(4000-5990) (GLORY) (металл) (ж),17,17,прямоугольные_металл_черный_M_L_M,47,17,"6, 0, 11",X,Убрать / Перераспределить
Васенко,3(4000-5990) (GLORY) (металл) (м),17,17,прямоугольные_металл_черный_M_L_M,47,17,"6, 0, 11",X,Убрать / Перераспределить
Васенко,3(4000-5990) (OPTILOOK) (металл) (ж),1,0,прямоугольные_металл_черный_M_L_M,47,17,"6, 0, 11",X,Убрать / Перераспределить
Васенко,"Комсомольский, 33 ОиМ",993,998,прямоугольные_металл_черный_M_L_M,47,17,"6, 0, 11",X,Убрать / Перераспределить
Васенко,(1590-9990 ) (ОПРАВЫ + CLIP) (М),4,5,прямоугольные_металл_черный_M_L_M,47,17,"6, 0, 11",X,Убрать / Перераспределить
Васенко,(подростковые) (металл для девочек),10,12,прямоугольные_металл_черный_M_L_M,47,17,"6, 0, 11",X,Убрать / Перераспределить
Васенко,(подростковые) (металл для мальчиков/универс),11,20,прямоугольные_металл_черный_M_L_M,47,17,"6, 0, 11",X,Убрать / Перераспределить
Васенко,1(0-1490) (МЕТАЛЛ) (М),7,7,прямоугольные_металл_черный_M_L_M,47,17,"6, 0, 11",X,Убрать / Перераспределить
Васенко,2(1590-3990) (DACKOR) (металл) (м),21,21,прямоугольные_металл_черный_M_L_M,47,17,"6, 0, 11",X,Убрать / Перераспределить
Васенко,3(4000-5990) (GLORY) (металл) (ж),14,14,прямоугольные_металл_черный_M_L_M,47,17,"6, 0, 11",X,Убрать / Перераспределить
Васенко,3(4000-5990) (GLORY) (металл) (м),7,7,прямоугольные_металл_черный_M_L_M,47,17,"6, 0, 11",X,Убрать / Перераспределить
Васенко,3(4000-5990) (OPTILOOK) (металл) (ж),6,7,прямоугольные_металл_черный_M_L_M,47,17,"6, 0, 11",X,Убрать / Перераспределить
