class,total_sales,pos_pct,category,style_class,size_class,style_category,size_category
квадратные_пластик_черный_L_L_L,95,0.0011792452830188679,X,квадратные_пластик_черный,L_L_L,X,X
бабочка_пластик_черный_L_L_L,89,0.0023584905660377358,X,бабочка_пластик_черный,L_L_L,X,X
прямоугольные_пластик_черный_L_L_L,68,0.003537735849056604,X,прямоугольные_пластик_черный,L_L_L,X,X
вайфайеры_пластик_черный_L_L_L,38,0.0047169811320754715,X,вайфайеры_пластик_черный,L_L_L,X,X
панто_металл_золотой_L_L_L,36,0.00589622641509434,X,панто_металл_золотой,L_L_L,X,X
спортивные_пластик_черный_L_L_L,34,0.007075471698113208,X,спортивные_пластик_черный,L_L_L,X,X
квадратные_пластик_черный_L_L_M,33,0.008254716981132075,X,квадратные_пластик_черный,L_L_M,X,X
панто_пластик_черный_L_L_L,26,0.009433962264150943,X,панто_пластик_черный,L_L_L,X,X
кошачий глаз_пластик_черный_L_L_L,24,0.01061320754716981,X,кошачий глаз_пластик_черный,L_L_L,X,X
бабочка_пластик_черный_L_L_M,24,0.01179245283018868,X,бабочка_пластик_черный,L_L_M,X,X
прямоугольные_пластик_черный_L_L_M,24,0.012971698113207548,X,прямоугольные_пластик_черный,L_L_M,X,X
трапеция_пластик_черный_L_L_L,23,0.014150943396226415,X,трапеция_пластик_черный,L_L_L,X,X
квадратные_пластик_черный_M_L_L,22,0.015330188679245283,X,квадратные_пластик_черный,M_L_L,X,X
прямоугольные_пластик_черный_M_L_L,22,0.01650943396226415,X,прямоугольные_пластик_черный,M_L_L,X,X
прямоугольные_металл_золотой_L_L_L,21,0.01768867924528302,X,прямоугольные_металл_золотой,L_L_L,X,X
квадратные_металл_золотой_L_L_M,19,0.018867924528301886,X,квадратные_металл_золотой,L_L_M,X,X
панто_металл_серебристый_L_L_L,19,0.020047169811320754,X,панто_металл_серебристый,L_L_L,X,X
прямоугольные_металл_темно-серый_L_L_L,18,0.02122641509433962,X,прямоугольные_металл_темно-серый,L_L_L,X,X
бабочка_металл_золотой_M_L_M,18,0.02240566037735849,X,бабочка_металл_золотой,M_L_M,X,X
бабочка_пластик_черный_M_L_L,18,0.02358490566037736,X,бабочка_пластик_черный,M_L_L,X,X
авиаторы_металл_золотой_M_L_S,17,0.024764150943396228,X,авиаторы_металл_золотой,M_L_S,X,X
необычные_металл_золотой_L_L_L,17,0.025943396226415096,X,необычные_металл_золотой,L_L_L,X,X
бабочка_пластик_черепаховый_L_L_L,16,0.027122641509433963,X,бабочка_пластик_черепаховый,L_L_L,X,X
необычные_металл_золотой_L_M_L,15,0.02830188679245283,X,необычные_металл_золотой,L_M_L,X,X
прямоугольные_металл_черный_L_L_L,15,0.0294811320754717,X,прямоугольные_металл_черный,L_L_L,X,X
бабочка_пластик_черный_M_L_M,15,0.030660377358490566,X,бабочка_пластик_черный,M_L_M,X,X
гексагон_металл и пластик_голубой_L_L_L,15,0.031839622641509434,X,гексагон_металл и пластик_голубой,L_L_L,X,X
квадратные_пластик_черный_L_L_S,15,0.0330188679245283,X,квадратные_пластик_черный,L_L_S,X,X
прямоугольные_пластик_синий_L_L_L,15,0.03419811320754717,X,прямоугольные_пластик_синий,L_L_L,X,X
спортивные_пластик_черный_M_L_L,15,0.03537735849056604,X,спортивные_пластик_черный,M_L_L,X,X
бабочка_пластик_бордовый_L_L_L,15,0.036556603773584904,X,бабочка_пластик_бордовый,L_L_L,X,X
гексагон_металл и пластик_коричневый/золотой_L_L_L,14,0.03773584905660377,X,гексагон_металл и пластик_коричневый/золотой,L_L_L,X,X
бабочка_пластик_коричневый_L_L_L,13,0.03891509433962264,X,бабочка_пластик_коричневый,L_L_L,X,X
капли_металл_черный_L_L_M,13,0.04009433962264151,X,капли_металл_черный,L_L_M,X,X
квадратные_металл_золотой_M_L_M,13,0.041273584905660375,X,квадратные_металл_золотой,M_L_M,X,X
бабочка_пластик_коричневый_M_L_L,13,0.04245283018867924,X,бабочка_пластик_коричневый,M_L_L,X,X
прямоугольные_металл_черный_M_L_L,12,0.04363207547169811,X,прямоугольные_металл_черный,M_L_L,X,X
бабочка_пластик_коричневый_L_L_M,12,0.04481132075471698,X,бабочка_пластик_коричневый,L_L_M,X,X
капли_металл_серый_L_L_L,12,0.045990566037735846,X,капли_металл_серый,L_L_L,X,X
квадратные_пластик_черный_M_L_M,12,0.04716981132075472,X,квадратные_пластик_черный,M_L_M,X,X
трапеция_металл_черный_L_L_L,12,0.04834905660377359,X,трапеция_металл_черный,L_L_L,X,X
необычные_металл_черный_L_M_L,11,0.049528301886792456,X,необычные_металл_черный,L_M_L,X,X
спортивные_пластик_черный_L_L_M,11,0.05070754716981132,X,спортивные_пластик_черный,L_L_M,X,X
необычные_металл_серебристый_L_M_L,11,0.05188679245283019,X,необычные_металл_серебристый,L_M_L,X,X
бабочка_пластик_черный_L_M_L,11,0.05306603773584906,X,бабочка_пластик_черный,L_M_L,X,X
панто_металл_черный_L_L_L,11,0.054245283018867926,X,панто_металл_черный,L_L_L,X,X
овальные_пластик_черный_M_L_L,11,0.055424528301886794,X,овальные_пластик_черный,M_L_L,X,X
гексагон_металл и пластик_серый_L_L_L,11,0.05660377358490566,X,гексагон_металл и пластик_серый,L_L_L,X,X
капли_металл_темно-серый_L_L_L,10,0.05778301886792453,X,капли_металл_темно-серый,L_L_L,X,X
прямоугольные_металл_золотой_M_L_M,10,0.0589622641509434,X,прямоугольные_металл_золотой,M_L_M,X,X
кошачий глаз_пластик_черный_M_L_L,10,0.060141509433962265,X,кошачий глаз_пластик_черный,M_L_L,X,X
капли_металл_черный_L_L_L,10,0.06132075471698113,X,капли_металл_черный,L_L_L,X,X
капли_металл_серый_M_L_S,10,0.0625,X,капли_металл_серый,M_L_S,X,X
прямоугольные_пластик_коричневый_L_L_L,10,0.06367924528301887,X,прямоугольные_пластик_коричневый,L_L_L,X,X
авиаторы_металл_серый_M_L_S,10,0.06485849056603774,X,авиаторы_металл_серый,M_L_S,X,X
бабочка_пластик_зеленый_L_L_L,10,0.0660377358490566,X,бабочка_пластик_зеленый,L_L_L,X,X
спортивные_пластик_синий_L_L_L,10,0.06721698113207547,X,спортивные_пластик_синий,L_L_L,X,X
спортивные_пластик_черный_S_L_S,9,0.06839622641509434,X,спортивные_пластик_черный,S_L_S,X,x
спортивные_пластик_черный_M_L_M,9,0.0695754716981132,X,спортивные_пластик_черный,M_L_M,X,X
капли_металл_темно-серый_S_L_S,9,0.07075471698113207,X,капли_металл_темно-серый,S_L_S,X,x
квадратные_металл_золотой_L_L_L,9,0.07193396226415094,X,квадратные_металл_золотой,L_L_L,X,X
бабочка_пластик_многоцветный_L_L_L,9,0.07311320754716981,X,бабочка_пластик_многоцветный,L_L_L,X,X
бабочка_металл_золотой_L_L_M,9,0.07429245283018868,X,бабочка_металл_золотой,L_L_M,X,X
авиаторы_металл_серебристый_M_L_S,9,0.07547169811320754,X,авиаторы_металл_серебристый,M_L_S,X,X
трапеция_пластик_черный_M_L_S,9,0.07665094339622641,X,трапеция_пластик_черный,M_L_S,X,X
бабочка_пластик_коричневый_M_L_M,9,0.07783018867924528,X,бабочка_пластик_коричневый,M_L_M,X,X
бабочка_пластик_черный_M_M_L,9,0.07900943396226415,X,бабочка_пластик_черный,M_M_L,X,X
кошачий глаз_металл_черный/золотой_L_L_L,9,0.08018867924528301,X,кошачий глаз_металл_черный/золотой,L_L_L,X,X
прямоугольные_пластик_черный_M_L_M,9,0.08136792452830188,X,прямоугольные_пластик_черный,M_L_M,X,X
капли_металл_золотой_L_L_S,9,0.08254716981132075,X,капли_металл_золотой,L_L_S,X,X
квадратные_металл_серебристый_L_L_L,9,0.08372641509433962,X,квадратные_металл_серебристый,L_L_L,X,X
овальные_металл_желтый_M_L_L,9,0.08490566037735849,X,овальные_металл_желтый,M_L_L,X,X
панто_пластик_синий_L_L_L,9,0.08608490566037735,X,панто_пластик_синий,L_L_L,X,X
капли_металл_серебристый_L_L_S,9,0.08726415094339622,X,капли_металл_серебристый,L_L_S,X,X
овальные_металл_золотой_L_M_L,9,0.08844339622641509,X,овальные_металл_золотой,L_M_L,X,X
кошачий глаз_пластик_черный_L_M_L,8,0.08962264150943396,X,кошачий глаз_пластик_черный,L_M_L,X,X
квадратные_металл_темно-серый_M_L_M,8,0.09080188679245282,X,квадратные_металл_темно-серый,M_L_M,X,X
панто_пластик_гавана_L_L_L,8,0.09198113207547169,X,панто_пластик_гавана,L_L_L,X,X
капли_металл_черный_L_L_S,8,0.09316037735849056,X,капли_металл_черный,L_L_S,X,X
капли_металл_темно-серый_M_L_S,8,0.09433962264150944,X,капли_металл_темно-серый,M_L_S,X,X
прямоугольные_металл_темно-серый_M_L_M,8,0.09551886792452831,X,прямоугольные_металл_темно-серый,M_L_M,X,X
квадратные_металл_серый_M_L_M,8,0.09669811320754718,X,квадратные_металл_серый,M_L_M,X,X
спортивные_пластик_черный_M_L_S,8,0.09787735849056604,X,спортивные_пластик_черный,M_L_S,X,X
капли_металл_серый_L_L_S,8,0.09905660377358491,X,капли_металл_серый,L_L_S,X,X
прямоугольные_металл_серый_L_L_M,8,0.10023584905660378,X,прямоугольные_металл_серый,L_L_M,X,X
панто_металл_серый_M_L_L,8,0.10141509433962265,X,панто_металл_серый,M_L_L,X,X
бабочка_пластик_серый_L_L_L,8,0.10259433962264151,X,бабочка_пластик_серый,L_L_L,X,X
кошачий глаз_пластик_розовый_L_L_L,8,0.10377358490566038,X,кошачий глаз_пластик_розовый,L_L_L,X,X
кошачий глаз_пластик_черепаховый_L_L_L,7,0.10495283018867925,X,кошачий глаз_пластик_черепаховый,L_L_L,X,X
бабочка_пластик_коричневый_M_L_S,7,0.10613207547169812,X,бабочка_пластик_коричневый,M_L_S,X,X
прямоугольные_металл_золотой_M_L_L,7,0.10731132075471699,X,прямоугольные_металл_золотой,M_L_L,X,X
панто_металл_черный_M_L_M,7,0.10849056603773585,X,панто_металл_черный,M_L_M,X,X
круглые_металл_серый_L_L_L,7,0.10966981132075472,X,круглые_металл_серый,L_L_L,X,X
круглые_металл_черный_L_L_L,7,0.11084905660377359,X,круглые_металл_черный,L_L_L,X,X
капли_металл_серый_M_L_M,7,0.11202830188679246,X,капли_металл_серый,M_L_M,X,X
бабочка_пластик_черный_M_L_S,7,0.11320754716981132,X,бабочка_пластик_черный,M_L_S,X,X
необычные_металл_золотой_M_L_L,7,0.11438679245283019,X,необычные_металл_золотой,M_L_L,X,X
прямоугольные_пластик_черный_L_M_L,7,0.11556603773584906,X,прямоугольные_пластик_черный,L_M_L,X,X
прямоугольные_металл_черный_L_L_M,7,0.11674528301886793,X,прямоугольные_металл_черный,L_L_M,X,X
прямоугольные_металл_темно-серый_M_L_L,7,0.1179245283018868,X,прямоугольные_металл_темно-серый,M_L_L,X,X
капли_металл_коричневый_L_L_L,7,0.11910377358490566,X,капли_металл_коричневый,L_L_L,X,X
прямоугольные_пластик_черный_S_L_L,7,0.12028301886792453,X,прямоугольные_пластик_черный,S_L_L,X,x
необычные_металл_черный_L_L_L,7,0.1214622641509434,X,необычные_металл_черный,L_L_L,X,X
бабочка_пластик_фиолетовый_L_L_L,7,0.12264150943396226,X,бабочка_пластик_фиолетовый,L_L_L,X,X
кошачий глаз_пластик_черный_M_L_M,7,0.12382075471698113,X,кошачий глаз_пластик_черный,M_L_M,X,X
круглые_металл_золотой_L_M_L,6,0.125,X,круглые_металл_золотой,L_M_L,X,X
гексагон_металл и пластик_черный_L_L_L,6,0.12617924528301888,X,гексагон_металл и пластик_черный,L_L_L,X,X
квадратные_металл_черный_M_L_M,6,0.12735849056603774,X,квадратные_металл_черный,M_L_M,X,X
бабочка_пластик_черный/зеленый_L_L_L,6,0.12853773584905662,X,бабочка_пластик_черный/зеленый,L_L_L,X,X
бабочка_металл_черный/золотой_M_L_M,6,0.12971698113207547,X,бабочка_металл_черный/золотой,M_L_M,X,X
бабочка_пластик_темно-серый_M_L_L,6,0.13089622641509435,X,бабочка_пластик_темно-серый,M_L_L,X,X
прямоугольные_металл_серебристый_L_L_L,6,0.1320754716981132,X,прямоугольные_металл_серебристый,L_L_L,X,X
прямоугольные_пластик_черный_M_L_S,6,0.1332547169811321,X,прямоугольные_пластик_черный,M_L_S,X,X
кошачий глаз_металл_синий/серебристый_L_L_L,6,0.13443396226415094,X,кошачий глаз_металл_синий/серебристый,L_L_L,X,X
кошачий глаз_пластик_коричневый_L_L_L,6,0.13561320754716982,X,кошачий глаз_пластик_коричневый,L_L_L,X,X
маска_пластик_черный_M_L_L,6,0.13679245283018868,X,маска_пластик_черный,M_L_L,X,X
маска_пластик_черный_L_L_L,6,0.13797169811320756,X,маска_пластик_черный,L_L_L,X,X
прямоугольные_металл_черный_M_L_M,6,0.1391509433962264,X,прямоугольные_металл_черный,M_L_M,X,X
спортивные_пластик_синий_M_L_L,6,0.1403301886792453,X,спортивные_пластик_синий,M_L_L,X,X
бабочка_металл_черный/золотой_L_L_M,6,0.14150943396226415,X,бабочка_металл_черный/золотой,L_L_M,X,X
квадратные_металл_серый_L_L_M,6,0.14268867924528303,X,квадратные_металл_серый,L_L_M,X,X
вайфайеры_пластик_синий_L_L_L,6,0.14386792452830188,X,вайфайеры_пластик_синий,L_L_L,X,X
капли_металл_черный_M_L_M,6,0.14504716981132076,X,капли_металл_черный,M_L_M,X,X
квадратные_пластик_серый_L_L_L,6,0.14622641509433962,X,квадратные_пластик_серый,L_L_L,X,X
овальные_пластик_розовый_S_S_S,6,0.1474056603773585,X,овальные_пластик_розовый,S_S_S,X,Y
гексагон_металл и пластик_коричневый_L_L_L,6,0.14858490566037735,X,гексагон_металл и пластик_коричневый,L_L_L,X,X
квадратные_металл_темно-серый_L_L_M,6,0.14976415094339623,X,квадратные_металл_темно-серый,L_L_M,X,X
панто_металл_серый_L_L_L,6,0.1509433962264151,X,панто_металл_серый,L_L_L,X,X
бабочка_пластик_зеленый_M_L_M,5,0.15212264150943397,X,бабочка_пластик_зеленый,M_L_M,X,X
трапеция_пластик_черный_L_L_S,5,0.15330188679245282,X,трапеция_пластик_черный,L_L_S,X,X
маска_пластик_черный_L_L_S,5,0.1544811320754717,X,маска_пластик_черный,L_L_S,X,X
маска_пластик_черный_S_L_L,5,0.15566037735849056,X,маска_пластик_черный,S_L_L,X,x
маска_пластик_черный_S_L_S,5,0.15683962264150944,X,маска_пластик_черный,S_L_S,X,x
круглые_пластик_черный_L_L_L,5,0.1580188679245283,X,круглые_пластик_черный,L_L_L,X,X
кошачий глаз_пластик_сиреневый_L_L_L,5,0.15919811320754718,X,кошачий глаз_пластик_сиреневый,L_L_L,X,X
кошачий глаз_пластик_серый_L_L_L,5,0.16037735849056603,X,кошачий глаз_пластик_серый,L_L_L,X,X
трапеция_пластик_черный_L_L_M,5,0.1615566037735849,X,трапеция_пластик_черный,L_L_M,X,X
кошачий глаз_пластик_коричневый_M_L_M,5,0.16273584905660377,X,кошачий глаз_пластик_коричневый,M_L_M,X,X
квадратные_титан_черный_M_L_S,5,0.16391509433962265,X,квадратные_титан_черный,M_L_S,X,X
квадратные_металл_золотой_M_L_S,5,0.1650943396226415,X,квадратные_металл_золотой,M_L_S,X,X
квадратные_пластик_серый_L_L_S,5,0.16627358490566038,X,квадратные_пластик_серый,L_L_S,X,X
квадратные_пластик_коричневый_M_L_L,5,0.16745283018867924,X,квадратные_пластик_коричневый,M_L_L,X,X
прямоугольные_пластик_синий_M_L_L,5,0.16863207547169812,X,прямоугольные_пластик_синий,M_L_L,X,X
необычные_металл_серый_M_M_L,5,0.16981132075471697,X,необычные_металл_серый,M_M_L,X,X
необычные_металл_золотой_M_L_M,5,0.17099056603773585,X,необычные_металл_золотой,M_L_M,X,X
необычные_металл_черный/золотой_M_L_M,5,0.1721698113207547,X,необычные_металл_черный/золотой,M_L_M,X,X
бабочка_пластик_черный/серый_L_L_L,5,0.1733490566037736,X,бабочка_пластик_черный/серый,L_L_L,X,X
вайфайеры_пластик_черный_L_L_M,5,0.17452830188679244,X,вайфайеры_пластик_черный,L_L_M,X,X
необычные_пластик_темно-серый_L_L_S,5,0.17570754716981132,X,необычные_пластик_темно-серый,L_L_S,X,X
квадратные_пластик_черный_M_L_S,5,0.17688679245283018,X,квадратные_пластик_черный,M_L_S,X,X
квадратные_металл_золотой_M_L_L,5,0.17806603773584906,X,квадратные_металл_золотой,M_L_L,X,X
квадратные_металл и пластик_черный/золотой_L_L_L,5,0.1792452830188679,X,квадратные_металл и пластик_черный/золотой,L_L_L,X,X
капли_титан_серый_L_L_L,5,0.1804245283018868,X,капли_титан_серый,L_L_L,X,X
квадратные_металл_темно-серый_L_L_L,5,0.18160377358490565,X,квадратные_металл_темно-серый,L_L_L,X,X
капли_металл_коричневый_L_L_S,5,0.18278301886792453,X,капли_металл_коричневый,L_L_S,X,X
прямоугольные_металл_коричневый_M_L_L,5,0.18396226415094338,X,прямоугольные_металл_коричневый,M_L_L,X,X
прямоугольные_металл_черный_L_L_S,5,0.18514150943396226,X,прямоугольные_металл_черный,L_L_S,X,X
прямоугольные_металл_серый_L_L_S,5,0.18632075471698112,X,прямоугольные_металл_серый,L_L_S,X,X
капли_металл_темно-серый_L_L_S,5,0.1875,X,капли_металл_темно-серый,L_L_S,X,X
панто_пластик_черный_L_M_L,5,0.18867924528301888,X,панто_пластик_черный,L_M_L,X,X
панто_пластик_розовый_L_L_L,5,0.18985849056603774,X,панто_пластик_розовый,L_L_L,X,X
капли_металл_черный_M_L_S,5,0.19103773584905662,X,капли_металл_черный,M_L_S,X,X
трапеция_пластик_синий_L_L_L,5,0.19221698113207547,X,трапеция_пластик_синий,L_L_L,X,X
круглые_металл_золотой_L_L_L,5,0.19339622641509435,X,круглые_металл_золотой,L_L_L,X,X
бабочка_металл_синий/серебристый_L_L_M,5,0.1945754716981132,X,бабочка_металл_синий/серебристый,L_L_M,X,X
бабочка_пластик_бордовый_L_M_L,5,0.1957547169811321,X,бабочка_пластик_бордовый,L_M_L,X,X
авиаторы_металл_темно-серый_L_L_L,4,0.19693396226415094,X,авиаторы_металл_темно-серый,L_L_L,X,X
спортивные_пластик_многоцветный_L_L_L,4,0.19811320754716982,X,спортивные_пластик_многоцветный,L_L_L,x,X
кошачий глаз_пластик_бордовый_L_L_L,4,0.19929245283018868,X,кошачий глаз_пластик_бордовый,L_L_L,X,X
прямоугольные_титан_черный_L_L_L,4,0.20047169811320756,X,прямоугольные_титан_черный,L_L_L,x,X
бабочка_металл и пластик_черный/желтый_M_L_M,4,0.2016509433962264,X,бабочка_металл и пластик_черный/желтый,M_L_M,x,X
ромб_металл_золотой_M_L_M,4,0.2028301886792453,X,ромб_металл_золотой,M_L_M,X,X
кошачий глаз_пластик_бежевый_M_L_M,4,0.20400943396226415,X,кошачий глаз_пластик_бежевый,M_L_M,X,X
бабочка_металл_многоцветный_M_L_M,4,0.20518867924528303,X,бабочка_металл_многоцветный,M_L_M,X,X
панто_пластик_черный_M_M_L,4,0.20636792452830188,X,панто_пластик_черный,M_M_L,X,X
квадратные_пластик_фиолетовый_L_L_L,4,0.20754716981132076,X,квадратные_пластик_фиолетовый,L_L_L,X,X
прямоугольные_пластик_черный/серый_M_L_L,4,0.20872641509433962,X,прямоугольные_пластик_черный/серый,M_L_L,x,X
капли_металл_серебристый_L_L_M,4,0.2099056603773585,X,капли_металл_серебристый,L_L_M,X,X
бабочка_пластик_черепаховый_M_M_L,4,0.21108490566037735,X,бабочка_пластик_черепаховый,M_M_L,X,X
капли_пластик_черный_L_L_M,4,0.21226415094339623,X,капли_пластик_черный,L_L_M,X,X
капли_металл_синий_L_L_L,4,0.2134433962264151,X,капли_металл_синий,L_L_L,X,X
необычные_металл_серебристый_L_L_L,4,0.21462264150943397,X,необычные_металл_серебристый,L_L_L,X,X
необычные_металл_синий/серебристый_M_L_M,4,0.21580188679245282,X,необычные_металл_синий/серебристый,M_L_M,X,X
кошачий глаз_металл_золотой_M_L_M,4,0.2169811320754717,X,кошачий глаз_металл_золотой,M_L_M,X,X
бабочка_пластик_фиолетовый_M_L_L,4,0.21816037735849056,X,бабочка_пластик_фиолетовый,M_L_L,X,X
капли_металл и пластик_серый_L_L_L,4,0.21933962264150944,X,капли_металл и пластик_серый,L_L_L,X,X
панто_пластик_черный_M_L_L,4,0.2205188679245283,X,панто_пластик_черный,M_L_L,X,X
овальные_металл_серый_L_M_L,4,0.22169811320754718,X,овальные_металл_серый,L_M_L,X,X
овальные_пластик_фиолетовый_M_L_L,4,0.22287735849056603,X,овальные_пластик_фиолетовый,M_L_L,X,X
панто_металл_желтый_L_L_L,4,0.2240566037735849,X,панто_металл_желтый,L_L_L,X,X
бабочка_пластик_коричневый_L_M_L,4,0.22523584905660377,X,бабочка_пластик_коричневый,L_M_L,X,X
круглые_пластик_черный_M_M_L,4,0.22641509433962265,X,круглые_пластик_черный,M_M_L,X,X
бабочка_металл_коричневый/золотой_L_L_M,4,0.2275943396226415,X,бабочка_металл_коричневый/золотой,L_L_M,X,X
спортивные_пластик_коричневый_M_L_S,4,0.22877358490566038,X,спортивные_пластик_коричневый,M_L_S,X,X
бабочка_пластик_бордовый_M_L_L,4,0.22995283018867924,X,бабочка_пластик_бордовый,M_L_L,X,X
бабочка_металл_серебристый_L_L_S,4,0.23113207547169812,X,бабочка_металл_серебристый,L_L_S,X,X
круглые_металл_серебристый_L_L_L,4,0.23231132075471697,X,круглые_металл_серебристый,L_L_L,X,X
спортивные_пластик_черный_S_L_M,4,0.23349056603773585,X,спортивные_пластик_черный,S_L_M,X,Y
спортивные_пластик_черный_S_L_L,4,0.2346698113207547,X,спортивные_пластик_черный,S_L_L,X,x
трапеция_металл_серый_L_L_L,4,0.2358490566037736,X,трапеция_металл_серый,L_L_L,X,X
квадратные_металл_серебристый_M_L_L,4,0.23702830188679244,X,квадратные_металл_серебристый,M_L_L,X,X
квадратные_металл_золотой_L_M_L,4,0.23820754716981132,X,квадратные_металл_золотой,L_M_L,X,X
квадратные_пластик_коричневый_M_L_M,4,0.23938679245283018,X,квадратные_пластик_коричневый,M_L_M,X,X
вайфайеры_пластик_розовый_L_S_M,4,0.24056603773584906,X,вайфайеры_пластик_розовый,L_S_M,X,Z
капли_титан_золотой_L_L_S,4,0.2417452830188679,X,капли_титан_золотой,L_L_S,X,X
панто_металл_черный/золотой_M_L_L,4,0.2429245283018868,X,панто_металл_черный/золотой,M_L_L,X,X
квадратные_пластик_синий_L_L_M,4,0.24410377358490565,X,квадратные_пластик_синий,L_L_M,X,X
квадратные_пластик_серый_M_L_M,4,0.24528301886792453,X,квадратные_пластик_серый,M_L_M,X,X
квадратные_пластик_розовый_L_L_L,4,0.24646226415094338,X,квадратные_пластик_розовый,L_L_L,X,X
квадратные_пластик_серый_M_L_L,4,0.24764150943396226,X,квадратные_пластик_серый,M_L_L,X,X
прямоугольные_пластик_бежевый_L_M_L,4,0.24882075471698112,X,прямоугольные_пластик_бежевый,L_M_L,X,X
капли_металл_золотой_M_L_L,4,0.25,X,капли_металл_золотой,M_L_L,X,X
панто_металл_коричневый_M_L_L,4,0.2511792452830189,X,панто_металл_коричневый,M_L_L,X,X
бабочка_металл_розовый_M_L_M,3,0.25235849056603776,X,бабочка_металл_розовый,M_L_M,X,X
бабочка_металл_многоцветный_L_L_M,3,0.2535377358490566,X,бабочка_металл_многоцветный,L_L_M,X,X
бабочка_пластик_розовый_M_L_L,3,0.25471698113207547,X,бабочка_пластик_розовый,M_L_L,X,X
квадратные_пластик_черепаховый_L_L_S,3,0.25589622641509435,X,квадратные_пластик_черепаховый,L_L_S,x,X
овальные_металл_золотой_M_S_L,3,0.25707547169811323,X,овальные_металл_золотой,M_S_L,X,Y
необычные_пластик_черный_L_L_S,3,0.25825471698113206,X,необычные_пластик_черный,L_L_S,X,X
квадратные_пластик_темно-серый_M_L_M,3,0.25943396226415094,X,квадратные_пластик_темно-серый,M_L_M,X,X
прямоугольные_пластик_черепаховый_L_L_L,3,0.2606132075471698,X,прямоугольные_пластик_черепаховый,L_L_L,X,X
бабочка_пластик_черный_L_L_S,3,0.2617924528301887,X,бабочка_пластик_черный,L_L_S,X,X
овальные_металл_золотой_M_L_L,3,0.26297169811320753,X,овальные_металл_золотой,M_L_L,X,X
овальные_металл_золотой_M_L_S,3,0.2641509433962264,X,овальные_металл_золотой,M_L_S,X,X
бабочка_пластик_черный/белый_L_L_L,3,0.2653301886792453,X,бабочка_пластик_черный/белый,L_L_L,X,X
бабочка_пластик_фиолетовый_L_L_M,3,0.2665094339622642,X,бабочка_пластик_фиолетовый,L_L_M,X,X
квадратные_металл и пластик_черный/золотой_L_L_S,3,0.267688679245283,X,квадратные_металл и пластик_черный/золотой,L_L_S,X,X
капли_металл_темно-серый_M_L_L,3,0.2688679245283019,X,капли_металл_темно-серый,M_L_L,X,X
панто_пластик_зеленый_M_M_L,3,0.27004716981132076,X,панто_пластик_зеленый,M_M_L,X,X
спортивные_пластик_черный/красный_L_L_L,3,0.27122641509433965,X,спортивные_пластик_черный/красный,L_L_L,x,X
панто_пластик_фиолетовый_L_L_L,3,0.27240566037735847,X,панто_пластик_фиолетовый,L_L_L,x,X
панто_пластик_прозрачный_L_L_L,3,0.27358490566037735,X,панто_пластик_прозрачный,L_L_L,X,X
кошачий глаз_металл_серебристый_L_L_L,3,0.27476415094339623,X,кошачий глаз_металл_серебристый,L_L_L,X,X
капли_металл_черный/серебристый_L_L_M,3,0.2759433962264151,X,капли_металл_черный/серебристый,L_L_M,X,X
квадратные_металл и пластик_коричневый/золотой_L_L_S,3,0.27712264150943394,X,квадратные_металл и пластик_коричневый/золотой,L_L_S,X,X
бабочка_пластик_темно-серый_L_L_M,3,0.2783018867924528,X,бабочка_пластик_темно-серый,L_L_M,X,X
необычные_металл_бронзовый_L_L_L,3,0.2794811320754717,X,необычные_металл_бронзовый,L_L_L,X,X
клабмастеры_металл и пластик_черный/золотой_L_L_L,3,0.2806603773584906,X,клабмастеры_металл и пластик_черный/золотой,L_L_L,X,X
трапеция_пластик_черный_M_L_M,3,0.2818396226415094,X,трапеция_пластик_черный,M_L_M,X,X
бабочка_металл и пластик_черный_M_L_M,3,0.2830188679245283,X,бабочка_металл и пластик_черный,M_L_M,x,X
бабочка_пластик_темно-серый_L_L_L,3,0.2841981132075472,X,бабочка_пластик_темно-серый,L_L_L,X,X
бабочка_пластик_серый_M_L_M,3,0.28537735849056606,X,бабочка_пластик_серый,M_L_M,X,X
квадратные_пластик_бордовый_L_L_L,3,0.2865566037735849,X,квадратные_пластик_бордовый,L_L_L,X,X
панто_металл_золотой_M_L_M,3,0.28773584905660377,X,панто_металл_золотой,M_L_M,X,X
квадратные_титан_черный_M_L_L,3,0.28891509433962265,X,квадратные_титан_черный,M_L_L,X,X
квадратные_пластик_бордовый_M_L_L,3,0.29009433962264153,X,квадратные_пластик_бордовый,M_L_L,X,X
капли_металл_золотой_S_L_S,3,0.29127358490566035,X,капли_металл_золотой,S_L_S,X,x
капли_металл_золотой_M_L_S,3,0.29245283018867924,X,капли_металл_золотой,M_L_S,X,X
квадратные_металл_серебристый_L_L_M,3,0.2936320754716981,X,квадратные_металл_серебристый,L_L_M,X,X
овальные_пластик_серый_M_L_L,3,0.294811320754717,X,овальные_пластик_серый,M_L_L,x,X
квадратные_пластик_синий_M_L_L,3,0.2959905660377358,X,квадратные_пластик_синий,M_L_L,X,X
прямоугольные_пластик_зеленый_L_L_L,3,0.2971698113207547,X,прямоугольные_пластик_зеленый,L_L_L,X,X
бабочка_пластик_черепаховый_M_L_L,3,0.2983490566037736,X,бабочка_пластик_черепаховый,M_L_L,X,X
квадратные_пластик_бежевый_L_L_L,3,0.29952830188679247,X,квадратные_пластик_бежевый,L_L_L,X,X
прямоугольные_пластик_коричневый_M_L_L,3,0.3007075471698113,X,прямоугольные_пластик_коричневый,M_L_L,X,X
овальные_металл_серый_M_L_M,3,0.3018867924528302,X,овальные_металл_серый,M_L_M,X,X
прямоугольные_металл_золотой_S_L_S,3,0.30306603773584906,X,прямоугольные_металл_золотой,S_L_S,X,x
прямоугольные_металл_серый_L_L_L,3,0.30424528301886794,X,прямоугольные_металл_серый,L_L_L,X,X
капли_металл и пластик_оливковый_L_L_L,3,0.30542452830188677,X,капли_металл и пластик_оливковый,L_L_L,x,X
капли_металл_коричневый_L_L_M,3,0.30660377358490565,X,капли_металл_коричневый,L_L_M,X,X
квадратные_металл_серый_L_L_L,3,0.30778301886792453,X,квадратные_металл_серый,L_L_L,X,X
квадратные_металл_коричневый_M_L_M,3,0.3089622641509434,X,квадратные_металл_коричневый,M_L_M,X,X
квадратные_металл_черный/золотой_M_L_M,3,0.31014150943396224,X,квадратные_металл_черный/золотой,M_L_M,X,X
квадратные_металл_черный_M_L_L,3,0.3113207547169811,X,квадратные_металл_черный,M_L_L,X,X
прямоугольные_титан_золотой_L_L_L,3,0.3125,X,прямоугольные_титан_золотой,L_L_L,x,X
кошачий глаз_пластик_многоцветный_L_L_L,3,0.3136792452830189,X,кошачий глаз_пластик_многоцветный,L_L_L,X,X
кошачий глаз_пластик_фиолетовый_L_L_L,3,0.31485849056603776,X,кошачий глаз_пластик_фиолетовый,L_L_L,x,X
кошачий глаз_пластик_черный_L_L_M,3,0.3160377358490566,X,кошачий глаз_пластик_черный,L_L_M,X,X
маска_металл_серый_M_L_S,3,0.31721698113207547,X,маска_металл_серый,M_L_S,X,X
круглые_титан_черный_M_L_L,3,0.31839622641509435,X,круглые_титан_черный,M_L_L,X,X
квадратные_металл_розовый_M_L_M,3,0.31957547169811323,X,квадратные_металл_розовый,M_L_M,x,X
бабочка_металл и пластик_розовый_M_L_M,3,0.32075471698113206,X,бабочка_металл и пластик_розовый,M_L_M,x,X
бабочка_пластик_бежевый_L_L_L,3,0.32193396226415094,X,бабочка_пластик_бежевый,L_L_L,X,X
круглые_металл_золотой_M_L_M,3,0.3231132075471698,X,круглые_металл_золотой,M_L_M,X,X
кошачий глаз_пластик_черный_M_M_L,3,0.3242924528301887,X,кошачий глаз_пластик_черный,M_M_L,X,X
бабочка_металл_синий/золотой_M_L_M,3,0.32547169811320753,X,бабочка_металл_синий/золотой,M_L_M,X,X
бабочка_металл_коричневый/золотой_M_L_M,3,0.3266509433962264,X,бабочка_металл_коричневый/золотой,M_L_M,X,X
бабочка_пластик_бирюзовый_L_L_L,3,0.3278301886792453,X,бабочка_пластик_бирюзовый,L_L_L,X,X
бабочка_пластик_бирюзовый_M_L_L,3,0.3290094339622642,X,бабочка_пластик_бирюзовый,M_L_L,X,X
бабочка_металл_черный_M_L_M,3,0.330188679245283,X,бабочка_металл_черный,M_L_M,X,X
бабочка_пластик_белый_M_L_L,2,0.3313679245283019,X,бабочка_пластик_белый,M_L_L,x,X
бабочка_металл_черный/серый_M_L_M,2,0.33254716981132076,X,бабочка_металл_черный/серый,M_L_M,x,X
бабочка_металл_черный_L_L_M,2,0.33372641509433965,X,бабочка_металл_черный,L_L_M,X,X
бабочка_металл_серый_M_L_M,2,0.33490566037735847,X,бабочка_металл_серый,M_L_M,x,X
бабочка_металл_темно-серый_L_L_M,2,0.33608490566037735,X,бабочка_металл_темно-серый,L_L_M,Y,X
круглые_пластик_розовый_S_S_M,2,0.33726415094339623,X,круглые_пластик_розовый,S_S_M,x,Y
круглые_металл_синий/серебристый_M_M_L,2,0.3384433962264151,X,круглые_металл_синий/серебристый,M_M_L,Y,X
круглые_металл_черный/серебристый_M_M_L,2,0.33962264150943394,X,круглые_металл_черный/серебристый,M_M_L,Y,X
круглые_металл_золотой_M_L_L,2,0.3408018867924528,X,круглые_металл_золотой,M_L_L,X,X
круглые_металл_золотой_M_M_L,2,0.3419811320754717,X,круглые_металл_золотой,M_M_L,X,X
круглые_металл_коричневый/золотой_L_M_L,2,0.3431603773584906,X,круглые_металл_коричневый/золотой,L_M_L,x,X
круглые_металл_серебристый_M_L_M,2,0.3443396226415094,X,круглые_металл_серебристый,M_L_M,X,X
круглые_металл и пластик_черный/серый_M_L_L,2,0.3455188679245283,X,круглые_металл и пластик_черный/серый,M_L_L,x,X
трапеция_пластик_синий_L_L_M,2,0.3466981132075472,X,трапеция_пластик_синий,L_L_M,X,X
авиаторы_металл_серебристый_L_L_S,2,0.34787735849056606,X,авиаторы_металл_серебристый,L_L_S,X,X
трапеция_металл_желтый_M_L_S,2,0.3490566037735849,X,трапеция_металл_желтый,M_L_S,x,X
бабочка_пластик_серый_L_L_M,2,0.35023584905660377,x,бабочка_пластик_серый,L_L_M,X,X
бабочка_пластик_красный_M_L_L,2,0.35141509433962265,x,бабочка_пластик_красный,M_L_L,x,X
бабочка_пластик_многоцветный_M_L_M,2,0.35259433962264153,x,бабочка_пластик_многоцветный,M_L_M,X,X
бабочка_пластик_голубой_L_L_L,2,0.35377358490566035,x,бабочка_пластик_голубой,L_L_L,x,X
бабочка_пластик_зеленый_M_L_L,2,0.35495283018867924,x,бабочка_пластик_зеленый,M_L_L,X,X
прямоугольные_пластик_черный_S_S_M,2,0.3561320754716981,x,прямоугольные_пластик_черный,S_S_M,X,Y
маска_пластик_черный_L_L_M,2,0.357311320754717,x,маска_пластик_черный,L_L_M,X,X
маска_пластик_синий_L_L_L,2,0.3584905660377358,x,маска_пластик_синий,L_L_L,X,X
маска_пластик_розовый_L_L_L,2,0.3596698113207547,x,маска_пластик_розовый,L_L_L,Y,X
кошачий глаз_пластик_синий_L_L_L,2,0.3608490566037736,x,кошачий глаз_пластик_синий,L_L_L,x,X
кошачий глаз_пластик_малиновый_L_L_L,2,0.36202830188679247,x,кошачий глаз_пластик_малиновый,L_L_L,Y,X
кошачий глаз_пластик_зеленый_L_L_L,2,0.3632075471698113,x,кошачий глаз_пластик_зеленый,L_L_L,x,X
кошачий глаз_пластик_коричневый_L_M_L,2,0.3643867924528302,x,кошачий глаз_пластик_коричневый,L_M_L,X,X
маска_металл_зеленый_M_L_S,2,0.36556603773584906,x,маска_металл_зеленый,M_L_S,Y,X
маска_металл_золотой_L_L_L,2,0.36674528301886794,x,маска_металл_золотой,L_L_L,X,X
круглые_пластик_черный_M_L_L,2,0.36792452830188677,x,круглые_пластик_черный,M_L_L,X,X
круглые_титан_бронзовый_L_L_L,2,0.36910377358490565,x,круглые_титан_бронзовый,L_L_L,x,X
круглые_титан_золотой_S_S_L,2,0.37028301886792453,x,круглые_титан_золотой,S_S_L,x,x
круглые_пластик_коричневый_M_M_L,2,0.3714622641509434,x,круглые_пластик_коричневый,M_M_L,Y,X
бабочка_металл_золотой_L_L_S,2,0.37264150943396224,x,бабочка_металл_золотой,L_L_S,X,X
авиаторы_металл_серебристый_L_L_L,2,0.3738207547169811,x,авиаторы_металл_серебристый,L_L_L,X,X
бабочка_металл_золотой_M_L_S,2,0.375,x,бабочка_металл_золотой,M_L_S,X,X
бабочка_металл и пластик_синий/серебристый_M_L_M,2,0.3761792452830189,x,бабочка_металл и пластик_синий/серебристый,M_L_M,Y,X
квадратные_металл_черный/золотой_L_L_M,2,0.37735849056603776,x,квадратные_металл_черный/золотой,L_L_M,X,X
квадратные_металл_черный_L_L_M,2,0.3785377358490566,x,квадратные_металл_черный,L_L_M,X,X
квадратные_металл_черный_L_L_S,2,0.37971698113207547,x,квадратные_металл_черный,L_L_S,X,X
квадратные_металл_серебристый_M_L_M,2,0.38089622641509435,x,квадратные_металл_серебристый,M_L_M,X,X
квадратные_металл_золотой_L_L_S,2,0.38207547169811323,x,квадратные_металл_золотой,L_L_S,X,X
панто_металл и пластик_фиолетовый_M_L_L,2,0.38325471698113206,x,панто_металл и пластик_фиолетовый,M_L_L,Y,X
панто_металл и пластик_черный/красный_M_L_L,2,0.38443396226415094,x,панто_металл и пластик_черный/красный,M_L_L,Y,X
панто_металл и пластик_черный/серебристый_M_L_L,2,0.3856132075471698,x,панто_металл и пластик_черный/серебристый,M_L_L,Y,X
панто_металл_бронзовый_M_L_M,2,0.3867924528301887,x,панто_металл_бронзовый,M_L_M,x,X
овальные_пластик_синий_S_S_S,2,0.38797169811320753,x,овальные_пластик_синий,S_S_S,x,Y
овальные_пластик_черный_L_L_L,2,0.3891509433962264,x,овальные_пластик_черный,L_L_L,X,X
овальные_пластик_гавана_M_M_L,2,0.3903301886792453,x,овальные_пластик_гавана,M_M_L,X,X
овальные_пластик_бордовый_L_L_L,2,0.3915094339622642,x,овальные_пластик_бордовый,L_L_L,Y,X
квадратные_пластик_синий_L_L_L,2,0.392688679245283,x,квадратные_пластик_синий,L_L_L,X,X
квадратные_пластик_синий_L_M_S,2,0.3938679245283019,x,квадратные_пластик_синий,L_M_S,X,y
квадратные_пластик_многоцветный_M_L_M,2,0.39504716981132076,x,квадратные_пластик_многоцветный,M_L_M,x,X
квадратные_пластик_прозрачный_L_L_L,2,0.39622641509433965,x,квадратные_пластик_прозрачный,L_L_L,X,X
квадратные_пластик_прозрачный_L_L_M,2,0.39740566037735847,x,квадратные_пластик_прозрачный,L_L_M,X,X
квадратные_пластик_гавана_L_L_M,2,0.39858490566037735,x,квадратные_пластик_гавана,L_L_M,X,X
квадратные_пластик_зеленый_L_L_L,2,0.39976415094339623,x,квадратные_пластик_зеленый,L_L_L,x,X
квадратные_пластик_коричневый_L_L_L,2,0.4009433962264151,x,квадратные_пластик_коричневый,L_L_L,X,X
квадратные_металл_черный_M_L_S,2,0.40212264150943394,x,квадратные_металл_черный,M_L_S,X,X
квадратные_пластик_бежевый_M_L_L,2,0.4033018867924528,x,квадратные_пластик_бежевый,M_L_L,X,X
квадратные_пластик_белый_L_L_L,2,0.4044811320754717,x,квадратные_пластик_белый,L_L_L,x,X
гексагон_металл_золотой_M_L_M,2,0.4056603773584906,x,гексагон_металл_золотой,M_L_M,X,X
гексагон_металл и пластик_зеленый_L_L_L,2,0.4068396226415094,x,гексагон_металл и пластик_зеленый,L_L_L,x,X
вайфайеры_пластик_черный_L_M_L,2,0.4080188679245283,x,вайфайеры_пластик_черный,L_M_L,X,X
прямоугольные_пластик_прозрачный_M_L_S,2,0.4091981132075472,x,прямоугольные_пластик_прозрачный,M_L_S,X,X
прямоугольные_пластик_серый_L_L_L,2,0.41037735849056606,x,прямоугольные_пластик_серый,L_L_L,X,X
прямоугольные_пластик_гавана_L_M_L,2,0.4115566037735849,x,прямоугольные_пластик_гавана,L_M_L,X,X
прямоугольные_пластик_голубой_L_L_L,2,0.41273584905660377,x,прямоугольные_пластик_голубой,L_L_L,X,X
прямоугольные_пластик_бежевый_L_L_L,2,0.41391509433962265,x,прямоугольные_пластик_бежевый,L_L_L,X,X
прямоугольные_пластик_бирюзовый_L_L_L,2,0.41509433962264153,x,прямоугольные_пластик_бирюзовый,L_L_L,x,X
прямоугольные_металл_серый_M_L_M,2,0.41627358490566035,x,прямоугольные_металл_серый,M_L_M,X,X
прямоугольные_металл_черный/золотой_L_L_L,2,0.41745283018867924,x,прямоугольные_металл_черный/золотой,L_L_L,x,X
квадратные_титан_черный/коричневый_M_M_L,2,0.4186320754716981,x,квадратные_титан_черный/коричневый,M_M_L,Y,X
панто_пластик_голубой_L_L_L,2,0.419811320754717,x,панто_пластик_голубой,L_L_L,X,X
панто_металл_темно-серый_M_L_L,2,0.4209905660377358,x,панто_металл_темно-серый,M_L_L,X,X
панто_металл_черный_M_L_L,2,0.4221698113207547,x,панто_металл_черный,M_L_L,X,X
панто_металл_синий/золотой_L_L_L,2,0.4233490566037736,x,панто_металл_синий/золотой,L_L_L,x,X
панто_металл_темно-серый_L_L_L,2,0.42452830188679247,x,панто_металл_темно-серый,L_L_L,X,X
панто_металл_золотой_M_M_L,2,0.4257075471698113,x,панто_металл_золотой,M_M_L,X,X
прямоугольные_металл_серебристый_L_L_M,2,0.4268867924528302,x,прямоугольные_металл_серебристый,L_L_M,X,X
прямоугольные_металл_серебристый_L_L_S,2,0.42806603773584906,x,прямоугольные_металл_серебристый,L_L_S,X,X
прямоугольные_металл_серебристый/золотой_L_L_M,2,0.42924528301886794,x,прямоугольные_металл_серебристый/золотой,L_L_M,x,X
прямоугольные_металл и пластик_черный/золотой_L_L_M,2,0.43042452830188677,x,прямоугольные_металл и пластик_черный/золотой,L_L_M,x,X
прямоугольные_металл_золотой_L_L_M,2,0.43160377358490565,x,прямоугольные_металл_золотой,L_L_M,X,X
прямоугольные_металл_золотой_L_L_S,2,0.43278301886792453,x,прямоугольные_металл_золотой,L_L_S,X,X
капли_металл_коричневый/золотой_M_L_S,2,0.4339622641509434,x,капли_металл_коричневый/золотой,M_L_S,Y,X
гексагон_металл_серый_L_L_L,2,0.43514150943396224,x,гексагон_металл_серый,L_L_L,Y,X
гексагон_пластик_коричневый_L_L_L,2,0.4363207547169811,x,гексагон_пластик_коричневый,L_L_L,x,X
панто_пластик_синий_M_L_L,2,0.4375,x,панто_пластик_синий,M_L_L,X,X
панто_металл_розовый_M_L_L,2,0.4386792452830189,x,панто_металл_розовый,M_L_L,x,X
квадратные_металл_черный/золотой_L_L_L,2,0.43985849056603776,x,квадратные_металл_черный/золотой,L_L_L,X,X
квадратные_пластик_черный_L_M_L,2,0.4410377358490566,x,квадратные_пластик_черный,L_M_L,X,X
квадратные_пластик_черный_M_M_L,2,0.44221698113207547,x,квадратные_пластик_черный,M_M_L,X,X
квадратные_пластик_черный/прозрачный_M_L_M,2,0.44339622641509435,x,квадратные_пластик_черный/прозрачный,M_L_M,Y,X
овальные_металл_коричневый/золотой_M_L_M,2,0.44457547169811323,x,овальные_металл_коричневый/золотой,M_L_M,Y,X
овальные_металл_серый/золотой_M_L_M,2,0.44575471698113206,x,овальные_металл_серый/золотой,M_L_M,Y,X
необычные_пластик_черный_M_L_L,2,0.44693396226415094,x,необычные_пластик_черный,M_L_L,X,X
необычные_пластик_черный_M_L_M,2,0.4481132075471698,x,необычные_пластик_черный,M_L_M,X,X
необычные_пластик_черный_L_L_L,2,0.4492924528301887,x,необычные_пластик_черный,L_L_L,X,X
необычные_металл_черный_M_L_L,2,0.45047169811320753,x,необычные_металл_черный,M_L_L,X,X
прямоугольные_пластик_черный/золотой_L_M_L,2,0.4516509433962264,x,прямоугольные_пластик_черный/золотой,L_M_L,Y,X
прямоугольные_пластик_черный_L_L_S,2,0.4528301886792453,x,прямоугольные_пластик_черный,L_L_S,X,X
прямоугольные_пластик_черепаховый_L_M_L,2,0.4540094339622642,x,прямоугольные_пластик_черепаховый,L_M_L,X,X
прямоугольные_пластик_темно-серый_L_L_L,2,0.455188679245283,x,прямоугольные_пластик_темно-серый,L_L_L,x,X
бабочка_титан_черный_M_L_L,2,0.4563679245283019,x,бабочка_титан_черный,M_L_L,x,X
бабочка_пластик_черепаховый_M_L_M,2,0.45754716981132076,x,бабочка_пластик_черепаховый,M_L_M,X,X
бабочка_пластик_черный/розовый_M_L_M,2,0.45872641509433965,x,бабочка_пластик_черный/розовый,M_L_M,x,X
бабочка_пластик_черепаховый_L_L_M,2,0.45990566037735847,x,бабочка_пластик_черепаховый,L_L_M,X,X
необычные_пластик_гавана_M_L_L,2,0.46108490566037735,x,необычные_пластик_гавана,M_L_L,Y,X
бабочка_металл_желтый_L_L_L,2,0.46226415094339623,x,бабочка_металл_желтый,L_L_L,Y,X
бабочка_металл_золотой_L_L_L,2,0.4634433962264151,x,бабочка_металл_золотой,L_L_L,X,X
панто_пластик_сиреневый_L_L_L,2,0.46462264150943394,x,панто_пластик_сиреневый,L_L_L,Y,X
панто_пластик_розовый_L_S_L,2,0.4658018867924528,x,панто_пластик_розовый,L_S_L,X,Y
панто_пластик_серый_S_S_M,2,0.4669811320754717,x,панто_пластик_серый,S_S_M,x,Y
панто_пластик_зеленый_L_L_L,2,0.4681603773584906,x,панто_пластик_зеленый,L_L_L,X,X
панто_пластик_коричневый_L_L_L,2,0.4693396226415094,x,панто_пластик_коричневый,L_L_L,Y,X
панто_пластик_оливковый_L_S_L,2,0.4705188679245283,x,панто_пластик_оливковый,L_S_L,x,Y
капли_пластик_черный_L_L_S,2,0.4716981132075472,x,капли_пластик_черный,L_L_S,X,X
капли_пластик_черный_M_L_M,2,0.47287735849056606,x,капли_пластик_черный,M_L_M,X,X
капли_титан_бронзовый_L_L_L,2,0.4740566037735849,x,капли_титан_бронзовый,L_L_L,Y,X
капли_металл_черный/серебристый_L_L_S,2,0.47523584905660377,x,капли_металл_черный/серебристый,L_L_S,X,X
капли_металл_черный_M_L_L,2,0.47641509433962265,x,капли_металл_черный,M_L_L,X,X
капли_металл_серый_L_L_M,2,0.47759433962264153,x,капли_металл_серый,L_L_M,X,X
квадратные_металл_бронзовый_L_L_S,2,0.47877358490566035,x,квадратные_металл_бронзовый,L_L_S,X,X
квадратные_металл и пластик_коричневый/серебристый_L_L_S,2,0.47995283018867924,x,квадратные_металл и пластик_коричневый/серебристый,L_L_S,Y,X
квадратные_металл и пластик_серый_M_L_L,2,0.4811320754716981,x,квадратные_металл и пластик_серый,M_L_L,x,X
квадратные_металл и пластик_черный/золотой_M_L_L,2,0.482311320754717,x,квадратные_металл и пластик_черный/золотой,M_L_L,X,X
капли_титан_черный_M_L_S,2,0.4834905660377358,x,капли_титан_черный,M_L_S,x,X
квадратные_металл и пластик_зеленый_L_L_L,2,0.4846698113207547,x,квадратные_металл и пластик_зеленый,L_L_L,Y,X
квадратные_металл и пластик_коричневый/золотой_L_L_L,2,0.4858490566037736,x,квадратные_металл и пластик_коричневый/золотой,L_L_L,X,X
необычные_металл_темно-серый_L_L_L,2,0.48702830188679247,x,необычные_металл_темно-серый,L_L_L,Y,X
необычные_металл_черный/серебристый_M_L_M,2,0.4882075471698113,x,необычные_металл_черный/серебристый,M_L_M,Y,X
необычные_металл_серебристый_M_L_M,2,0.4893867924528302,x,необычные_металл_серебристый,M_L_M,X,X
необычные_металл_серый_L_L_L,2,0.49056603773584906,x,необычные_металл_серый,L_L_L,X,X
необычные_металл_многоцветный_L_L_M,2,0.49174528301886794,x,необычные_металл_многоцветный,L_L_M,Y,X
кошачий глаз_пластик_бежевый_L_M_L,2,0.49292452830188677,x,кошачий глаз_пластик_бежевый,L_M_L,X,X
кошачий глаз_пластик_бирюзовый_M_L_M,2,0.49410377358490565,x,кошачий глаз_пластик_бирюзовый,M_L_M,Y,X
кошачий глаз_пластик_бордовый_L_M_L,2,0.49528301886792453,x,кошачий глаз_пластик_бордовый,L_M_L,X,X
кошачий глаз_пластик_бордовый_M_L_M,2,0.4964622641509434,x,кошачий глаз_пластик_бордовый,M_L_M,X,X
кошачий глаз_металл_серебристый_M_L_M,2,0.49764150943396224,x,кошачий глаз_металл_серебристый,M_L_M,X,X
кошачий глаз_металл_бордовый_M_L_L,2,0.4988207547169811,x,кошачий глаз_металл_бордовый,M_L_L,x,X
клабмастеры_металл и пластик_коричневый/золотой_L_M_L,2,0.5,x,клабмастеры_металл и пластик_коричневый/золотой,L_M_L,Y,X
клабмастеры_металл и пластик_черный/золотой_L_M_L,2,0.5011792452830188,Y,клабмастеры_металл и пластик_черный/золотой,L_M_L,X,X
бабочка_металл_розовый_L_L_M,2,0.5023584905660378,Y,бабочка_металл_розовый,L_L_M,X,X
бабочка_пластик_серый_M_L_S,2,0.5035377358490566,Y,бабочка_пластик_серый,M_L_S,X,X
бабочка_пластик_синий_L_L_L,2,0.5047169811320755,Y,бабочка_пластик_синий,L_L_L,x,X
бабочка_пластик_оливковый_M_L_M,2,0.5058962264150944,Y,бабочка_пластик_оливковый,M_L_M,Y,X
ромб_титан_черный_M_L_L,2,0.5070754716981132,Y,ромб_титан_черный,M_L_L,x,X
бабочка_металл и пластик_черный/золотой_M_L_M,2,0.5082547169811321,Y,бабочка_металл и пластик_черный/золотой,M_L_M,x,X
ромб_металл_золотой_M_L_L,2,0.5094339622641509,Y,ромб_металл_золотой,M_L_L,X,X
авиаторы_титан_золотой_L_L_L,2,0.5106132075471698,Y,авиаторы_титан_золотой,L_L_L,Y,X
спортивные_пластик_синий_L_L_S,2,0.5117924528301887,Y,спортивные_пластик_синий,L_L_S,X,X
трапеция_титан_серый_L_L_L,2,0.5129716981132075,Y,трапеция_титан_серый,L_L_L,Y,X
спортивные_пластик_черный/оранжевый_M_L_S,2,0.5141509433962265,Y,спортивные_пластик_черный/оранжевый,M_L_S,x,X
авиаторы_металл_темно-серый_M_L_M,2,0.5153301886792453,Y,авиаторы_металл_темно-серый,M_L_M,X,X
авиаторы_металл_черный_M_L_M,2,0.5165094339622641,Y,авиаторы_металл_черный,M_L_M,x,X
трапеция_титан_черный_M_L_L,1,0.5176886792452831,Y,трапеция_титан_черный,M_L_L,Y,X
авиаторы_металл_синий/серебристый_M_L_S,1,0.5188679245283019,Y,авиаторы_металл_синий/серебристый,M_L_S,z,X
авиаторы_металл_черный/золотой_L_L_S,1,0.5200471698113207,Y,авиаторы_металл_черный/золотой,L_L_S,z,X
авиаторы_металл_черный/серебристый_L_L_S,1,0.5212264150943396,Y,авиаторы_металл_черный/серебристый,L_L_S,z,X
авиаторы_металл_черный_M_L_S,1,0.5224056603773585,Y,авиаторы_металл_черный,M_L_S,x,X
авиаторы_пластик_черный_L_L_S,1,0.5235849056603774,Y,авиаторы_пластик_черный,L_L_S,y,X
авиаторы_титан_серебристый_L_L_L,1,0.5247641509433962,Y,авиаторы_титан_серебристый,L_L_L,Y,X
авиаторы_титан_серый_L_L_L,1,0.5259433962264151,Y,авиаторы_титан_серый,L_L_L,Y,X
авиаторы_титан_серый_M_L_S,1,0.527122641509434,Y,авиаторы_титан_серый,M_L_S,Y,X
авиаторы_титан_черный_M_L_S,1,0.5283018867924528,Y,авиаторы_титан_черный,M_L_S,Y,X
бабочка_металл и пластик_голубой_M_L_M,1,0.5294811320754716,Y,бабочка_металл и пластик_голубой,M_L_M,Y,X
бабочка_металл и пластик_серый_S_L_L,1,0.5306603773584906,Y,бабочка_металл и пластик_серый,S_L_L,Y,x
бабочка_металл и пластик_черный/золотой_L_L_L,1,0.5318396226415094,Y,бабочка_металл и пластик_черный/золотой,L_L_L,x,X
бабочка_металл и пластик_черный/золотой_M_L_L,1,0.5330188679245284,Y,бабочка_металл и пластик_черный/золотой,M_L_L,x,X
бабочка_металл_бронзовый_L_L_M,1,0.5341981132075472,Y,бабочка_металл_бронзовый,L_L_M,Y,X
бабочка_металл_бронзовый_L_L_S,1,0.535377358490566,Y,бабочка_металл_бронзовый,L_L_S,Y,X
спортивные_пластик_черный_S_M_M,1,0.5365566037735849,Y,спортивные_пластик_черный,S_M_M,X,y
спортивные_титан_серый_L_L_L,1,0.5377358490566038,Y,спортивные_титан_серый,L_L_L,Z,X
трапеция_металл_коричневый_L_L_M,1,0.5389150943396226,Y,трапеция_металл_коричневый,L_L_M,Z,X
трапеция_металл_серебристый_L_L_L,1,0.5400943396226415,Y,трапеция_металл_серебристый,L_L_L,Y,X
трапеция_металл_серебристый_M_L_M,1,0.5412735849056604,Y,трапеция_металл_серебристый,M_L_M,Y,X
трапеция_металл_темно-серый_L_L_L,1,0.5424528301886793,Y,трапеция_металл_темно-серый,L_L_L,Y,X
трапеция_металл_черный/золотой_L_L_M,1,0.5436320754716981,Y,трапеция_металл_черный/золотой,L_L_M,Y,X
трапеция_металл_черный/золотой_L_L_S,1,0.5448113207547169,Y,трапеция_металл_черный/золотой,L_L_S,Y,X
трапеция_металл_черный_M_L_L,1,0.5459905660377359,Y,трапеция_металл_черный,M_L_L,X,X
трапеция_пластик_белый_M_L_S,1,0.5471698113207547,Y,трапеция_пластик_белый,M_L_S,Y,X
бабочка_пластик_розовый_S_S_L,1,0.5483490566037735,Y,бабочка_пластик_розовый,S_S_L,X,x
бабочка_пластик_серый_M_L_L,1,0.5495283018867925,Y,бабочка_пластик_серый,M_L_L,X,X
бабочка_пластик_серый_M_M_L,1,0.5507075471698113,Y,бабочка_пластик_серый,M_M_L,X,X
бабочка_пластик_синий_M_L_M,1,0.5518867924528302,Y,бабочка_пластик_синий,M_L_M,x,X
бабочка_металл_коричневый_M_L_M,1,0.5530660377358491,Y,бабочка_металл_коричневый,M_L_M,Y,X
бабочка_металл_серебристый_L_L_L,1,0.5542452830188679,Y,бабочка_металл_серебристый,L_L_L,X,X
бабочка_металл_серый_L_L_L,1,0.5554245283018868,Y,бабочка_металл_серый,L_L_L,x,X
бабочка_металл_синий/золотой_M_L_L,1,0.5566037735849056,Y,бабочка_металл_синий/золотой,M_L_L,X,X
прямоугольные_пластик_черный_S_L_M,1,0.5577830188679245,Y,прямоугольные_пластик_черный,S_L_M,X,Y
прямоугольные_пластик_черный_S_M_M,1,0.5589622641509434,Y,прямоугольные_пластик_черный,S_M_M,X,y
бабочка_пластик_гавана_L_L_M,1,0.5601415094339622,Y,бабочка_пластик_гавана,L_L_M,x,X
бабочка_пластик_гавана_M_M_L,1,0.5613207547169812,Y,бабочка_пластик_гавана,M_M_L,x,X
бабочка_пластик_зеленый_L_M_L,1,0.5625,Y,бабочка_пластик_зеленый,L_M_L,X,X
бабочка_пластик_многоцветный_M_M_L,1,0.5636792452830188,Y,бабочка_пластик_многоцветный,M_M_L,X,X
бабочка_пластик_оранжевый_S_M_M,1,0.5648584905660378,Y,бабочка_пластик_оранжевый,S_M_M,z,y
бабочка_пластик_розовый_L_L_L,1,0.5660377358490566,Y,бабочка_пластик_розовый,L_L_L,X,X
прямоугольные_пластик_темно-серый_L_L_M,1,0.5672169811320755,Y,прямоугольные_пластик_темно-серый,L_L_M,x,X
прямоугольные_пластик_черепаховый_L_S_L,1,0.5683962264150944,Y,прямоугольные_пластик_черепаховый,L_S_L,X,Y
прямоугольные_пластик_черепаховый_M_L_L,1,0.5695754716981132,Y,прямоугольные_пластик_черепаховый,M_L_L,X,X
прямоугольные_пластик_черепаховый_M_L_M,1,0.5707547169811321,Y,прямоугольные_пластик_черепаховый,M_L_M,X,X
прямоугольные_пластик_черепаховый_M_M_L,1,0.5719339622641509,Y,прямоугольные_пластик_черепаховый,M_M_L,X,X
прямоугольные_пластик_черный/белый_L_L_L,1,0.5731132075471698,Y,прямоугольные_пластик_черный/белый,L_L_L,z,X
прямоугольные_пластик_черный/зеленый_L_M_L,1,0.5742924528301887,Y,прямоугольные_пластик_черный/зеленый,L_M_L,z,X
прямоугольные_пластик_черный/синий_L_L_L,1,0.5754716981132075,Y,прямоугольные_пластик_черный/синий,L_L_L,Y,X
вайфайеры_пластик_гавана_L_S_L,1,0.5766509433962265,Y,вайфайеры_пластик_гавана,L_S_L,z,Y
вайфайеры_пластик_голубой_S_L_L,1,0.5778301886792453,Y,вайфайеры_пластик_голубой,S_L_L,y,x
вайфайеры_пластик_зеленый_L_S_L,1,0.5790094339622641,Y,вайфайеры_пластик_зеленый,L_S_L,Z,Y
прямоугольные_пластик_серый_L_M_L,1,0.5801886792452831,Y,прямоугольные_пластик_серый,L_M_L,X,X
прямоугольные_пластик_серый_M_L_S,1,0.5813679245283019,Y,прямоугольные_пластик_серый,M_L_S,X,X
прямоугольные_пластик_синий_M_L_M,1,0.5825471698113207,Y,прямоугольные_пластик_синий,M_L_M,X,X
прямоугольные_пластик_синий_S_S_L,1,0.5837264150943396,Y,прямоугольные_пластик_синий,S_S_L,X,x
прямоугольные_пластик_синий_S_S_M,1,0.5849056603773585,Y,прямоугольные_пластик_синий,S_S_M,X,Y
кошачий глаз_пластик_синий_M_L_L,1,0.5860849056603774,Y,кошачий глаз_пластик_синий,M_L_L,x,X
кошачий глаз_пластик_сиреневый_M_M_L,1,0.5872641509433962,Y,кошачий глаз_пластик_сиреневый,M_M_L,X,X
кошачий глаз_пластик_черепаховый_L_L_M,1,0.5884433962264151,Y,кошачий глаз_пластик_черепаховый,L_L_M,X,X
кошачий глаз_пластик_черепаховый_S_L_L,1,0.589622641509434,Y,кошачий глаз_пластик_черепаховый,S_L_L,X,x
кошачий глаз_пластик_черный/золотой_M_M_L,1,0.5908018867924528,Y,кошачий глаз_пластик_черный/золотой,M_M_L,Z,X
кошачий глаз_пластик_черный/розовый_L_M_L,1,0.5919811320754716,Y,кошачий глаз_пластик_черный/розовый,L_M_L,y,X
кошачий глаз_пластик_черный/серый_L_L_L,1,0.5931603773584906,Y,кошачий глаз_пластик_черный/серый,L_L_L,y,X
маска_металл_серый_S_L_S,1,0.5943396226415094,Y,маска_металл_серый,S_L_S,X,x
кошачий глаз_пластик_гавана_L_M_L,1,0.5955188679245284,Y,кошачий глаз_пластик_гавана,L_M_L,x,X
кошачий глаз_пластик_золотой_L_L_L,1,0.5966981132075472,Y,кошачий глаз_пластик_золотой,L_L_L,Z,X
кошачий глаз_пластик_коричневый_L_L_M,1,0.597877358490566,Y,кошачий глаз_пластик_коричневый,L_L_M,X,X
кошачий глаз_пластик_красный_L_M_M,1,0.5990566037735849,Y,кошачий глаз_пластик_красный,L_M_M,Z,Z
кошачий глаз_пластик_многоцветный_M_L_M,1,0.6002358490566038,Y,кошачий глаз_пластик_многоцветный,M_L_M,X,X
кошачий глаз_пластик_розовый_S_S_S,1,0.6014150943396226,Y,кошачий глаз_пластик_розовый,S_S_S,X,Y
кошачий глаз_пластик_серый_L_L_M,1,0.6025943396226415,Y,кошачий глаз_пластик_серый,L_L_M,X,X
кошачий глаз_пластик_серый_M_L_L,1,0.6037735849056604,Y,кошачий глаз_пластик_серый,M_L_L,X,X
маска_металл и пластик_белый_S_L_S,1,0.6049528301886793,Y,маска_металл и пластик_белый,S_L_S,x,x
маска_металл и пластик_черный/золотой_L_L_L,1,0.6061320754716981,Y,маска_металл и пластик_черный/золотой,L_L_L,Y,X
маска_металл и пластик_черный/золотой_S_L_L,1,0.6073113207547169,Y,маска_металл и пластик_черный/золотой,S_L_L,Y,x
маска_металл_золотой_M_L_L,1,0.6084905660377359,Y,маска_металл_золотой,M_L_L,X,X
маска_металл_золотой_S_L_L,1,0.6096698113207547,Y,маска_металл_золотой,S_L_L,X,x
маска_металл_серебристый_L_L_L,1,0.6108490566037735,Y,маска_металл_серебристый,L_L_L,Z,X
кошачий глаз_пластик_гавана_L_L_L,1,0.6120283018867925,Y,кошачий глаз_пластик_гавана,L_L_L,x,X
кошачий глаз_пластик_гавана_L_L_M,1,0.6132075471698113,Y,кошачий глаз_пластик_гавана,L_L_M,x,X
круглые_пластик_черный_L_S_L,1,0.6143867924528302,Y,круглые_пластик_черный,L_S_L,X,Y
круглые_пластик_черный_M_L_M,1,0.6155660377358491,Y,круглые_пластик_черный,M_L_M,X,X
круглые_титан_серебристый/золотой_M_S_L,1,0.6167452830188679,Y,круглые_титан_серебристый/золотой,M_S_L,Z,Y
круглые_титан_серый_L_S_L,1,0.6179245283018868,Y,круглые_титан_серый,L_S_L,Z,Y
круглые_титан_темно-серый_M_S_L,1,0.6191037735849056,Y,круглые_титан_темно-серый,M_S_L,Z,Y
круглые_титан_черный/золотой_M_S_L,1,0.6202830188679245,Y,круглые_титан_черный/золотой,M_S_L,Z,Y
круглые_титан_черный_L_L_L,1,0.6214622641509434,Y,круглые_титан_черный,L_L_L,X,X
маска_металл и пластик_белый_L_L_L,1,0.6226415094339622,Y,маска_металл и пластик_белый,L_L_L,x,X
клабмастеры_металл и пластик_черепаховый_L_M_L,1,0.6238207547169812,Y,клабмастеры_металл и пластик_черепаховый,L_M_L,Z,X
клабмастеры_металл и пластик_черный/серебристый_L_L_L,1,0.625,Y,клабмастеры_металл и пластик_черный/серебристый,L_L_L,Z,X
кошачий глаз_металл и пластик_коричневый/золотой_M_M_L,1,0.6261792452830188,Y,кошачий глаз_металл и пластик_коричневый/золотой,M_M_L,Z,X
кошачий глаз_металл и пластик_коричневый_M_L_L,1,0.6273584905660378,Y,кошачий глаз_металл и пластик_коричневый,M_L_L,Z,X
кошачий глаз_металл_белый_L_L_L,1,0.6285377358490566,Y,кошачий глаз_металл_белый,L_L_L,Z,X
кошачий глаз_металл_бордовый_L_L_L,1,0.6297169811320755,Y,кошачий глаз_металл_бордовый,L_L_L,x,X
кошачий глаз_металл_голубой_M_L_L,1,0.6308962264150944,Y,кошачий глаз_металл_голубой,M_L_L,Z,X
кошачий глаз_металл_золотой_L_L_L,1,0.6320754716981132,Y,кошачий глаз_металл_золотой,L_L_L,X,X
необычные_металл и пластик_черный/золотой_M_M_L,1,0.6332547169811321,Y,необычные_металл и пластик_черный/золотой,M_M_L,y,X
необычные_металл и пластик_черный_M_L_S,1,0.6344339622641509,Y,необычные_металл и пластик_черный,M_L_S,y,X
необычные_металл_бронзовый_M_L_L,1,0.6356132075471698,Y,необычные_металл_бронзовый,M_L_L,X,X
необычные_металл_бронзовый_M_M_L,1,0.6367924528301887,Y,необычные_металл_бронзовый,M_M_L,X,X
необычные_металл_золотой_L_L_M,1,0.6379716981132075,Y,необычные_металл_золотой,L_L_M,X,X
клабмастеры_металл и пластик_зеленый_L_M_L,1,0.6391509433962265,Y,клабмастеры_металл и пластик_зеленый,L_M_L,Y,X
клабмастеры_металл и пластик_серый/золотой_M_M_L,1,0.6403301886792453,Y,клабмастеры_металл и пластик_серый/золотой,M_M_L,Z,X
клабмастеры_металл и пластик_синий/серебристый_L_L_L,1,0.6415094339622641,Y,клабмастеры_металл и пластик_синий/серебристый,L_L_L,Z,X
маска_пластик_черный/белый_L_L_S,1,0.6426886792452831,Y,маска_пластик_черный/белый,L_L_S,Y,X
маска_пластик_черный/белый_M_L_S,1,0.6438679245283019,Y,маска_пластик_черный/белый,M_L_S,Y,X
маска_пластик_черный/золотой_M_L_S,1,0.6450471698113207,Y,маска_пластик_черный/золотой,M_L_S,y,X
маска_пластик_черный/красный_M_L_S,1,0.6462264150943396,Y,маска_пластик_черный/красный,M_L_S,y,X
маска_пластик_черный/оранжевый_M_L_S,1,0.6474056603773585,Y,маска_пластик_черный/оранжевый,M_L_S,y,X
маска_пластик_черный_M_L_S,1,0.6485849056603774,Y,маска_пластик_черный,M_L_S,X,X
маска_титан_золотой_S_L_L,1,0.6497641509433962,Y,маска_титан_золотой,S_L_L,y,x
необычные_металл и пластик_белый_M_M_L,1,0.6509433962264151,Y,необычные_металл и пластик_белый,M_M_L,y,X
маска_металл_черный/золотой_L_L_L,1,0.652122641509434,Y,маска_металл_черный/золотой,L_L_L,y,X
маска_пластик_белый_S_L_S,1,0.6533018867924528,Y,маска_пластик_белый,S_L_S,y,x
маска_пластик_коричневый_S_L_S,1,0.6544811320754716,Y,маска_пластик_коричневый,S_L_S,y,x
маска_пластик_красный_L_L_L,1,0.6556603773584906,Y,маска_пластик_красный,L_L_L,y,X
маска_пластик_оранжевый_S_L_L,1,0.6568396226415094,Y,маска_пластик_оранжевый,S_L_L,y,x
маска_пластик_серый_S_L_L,1,0.6580188679245284,Y,маска_пластик_серый,S_L_L,y,x
маска_пластик_синий_S_L_L,1,0.6591981132075472,Y,маска_пластик_синий,S_L_L,X,x
маска_пластик_синий_S_L_S,1,0.660377358490566,Y,маска_пластик_синий,S_L_S,X,x
необычные_пластик_черный/прозрачный_L_L_L,1,0.6615566037735849,Y,необычные_пластик_черный/прозрачный,L_L_L,y,X
необычные_пластик_черный_L_L_M,1,0.6627358490566038,Y,необычные_пластик_черный,L_L_M,X,X
необычные_титан_золотой_L_S_L,1,0.6639150943396226,Y,необычные_титан_золотой,L_S_L,Y,Y
необычные_титан_золотой_M_L_S,1,0.6650943396226415,Y,необычные_титан_золотой,M_L_S,Y,X
необычные_титан_черный/коричневый_M_L_L,1,0.6662735849056604,Y,необычные_титан_черный/коричневый,M_L_L,y,X
овальные_металл и пластик_золотой_M_M_L,1,0.6674528301886793,Y,овальные_металл и пластик_золотой,M_M_L,y,X
овальные_металл и пластик_черепаховый_M_M_L,1,0.6686320754716981,Y,овальные_металл и пластик_черепаховый,M_M_L,y,X
овальные_металл_бронзовый_S_L_L,1,0.6698113207547169,Y,овальные_металл_бронзовый,S_L_L,y,x
необычные_металл_черный/серый_M_L_L,1,0.6709905660377359,Y,необычные_металл_черный/серый,M_L_L,y,X
необычные_металл_черный_M_L_M,1,0.6721698113207547,Y,необычные_металл_черный,M_L_M,X,X
необычные_металл_черный_S_L_S,1,0.6733490566037735,Y,необычные_металл_черный,S_L_S,X,x
необычные_пластик_бежевый_L_L_L,1,0.6745283018867925,Y,необычные_пластик_бежевый,L_L_L,y,X
необычные_пластик_зеленый_L_L_L,1,0.6757075471698113,Y,необычные_пластик_зеленый,L_L_L,y,X
необычные_пластик_прозрачный_M_L_S,1,0.6768867924528302,Y,необычные_пластик_прозрачный,M_L_S,y,X
необычные_пластик_серый_L_L_L,1,0.6780660377358491,Y,необычные_пластик_серый,L_L_L,y,X
необычные_пластик_темно-серый_L_M_L,1,0.6792452830188679,Y,необычные_пластик_темно-серый,L_M_L,X,X
необычные_металл_прозрачный_M_L_L,1,0.6804245283018868,Y,необычные_металл_прозрачный,M_L_L,y,X
необычные_металл_розовый_M_M_L,1,0.6816037735849056,Y,необычные_металл_розовый,M_M_L,y,X
необычные_металл_серебристый_L_L_M,1,0.6827830188679245,Y,необычные_металл_серебристый,L_L_M,X,X
необычные_металл_серебристый_M_L_L,1,0.6839622641509434,Y,необычные_металл_серебристый,M_L_L,X,X
необычные_металл_синий/золотой_M_L_M,1,0.6851415094339622,Y,необычные_металл_синий/золотой,M_L_M,y,X
необычные_металл_черный/золотой_L_L_L,1,0.6863207547169812,Y,необычные_металл_черный/золотой,L_L_L,X,X
необычные_металл_черный/золотой_L_L_M,1,0.6875,Y,необычные_металл_черный/золотой,L_L_M,X,X
необычные_металл_черный/золотой_M_L_S,1,0.6886792452830188,Y,необычные_металл_черный/золотой,M_L_S,X,X
кошачий глаз_металл_золотой_M_L_L,1,0.6898584905660378,Y,кошачий глаз_металл_золотой,M_L_L,X,X
кошачий глаз_металл_серебристый_S_L_L,1,0.6910377358490566,Y,кошачий глаз_металл_серебристый,S_L_L,X,x
кошачий глаз_металл_черный_M_L_L,1,0.6922169811320755,Y,кошачий глаз_металл_черный,M_L_L,Y,X
кошачий глаз_металл_черный_M_L_S,1,0.6933962264150944,Y,кошачий глаз_металл_черный,M_L_S,Y,X
кошачий глаз_пластик_белый_L_L_L,1,0.6945754716981132,Y,кошачий глаз_пластик_белый,L_L_L,Y,X
кошачий глаз_пластик_белый_L_M_M,1,0.6957547169811321,Y,кошачий глаз_пластик_белый,L_M_M,Y,Z
необычные_металл_золотой_M_L_S,1,0.6969339622641509,Y,необычные_металл_золотой,M_L_S,X,X
необычные_металл_красный_L_L_M,1,0.6981132075471698,Y,необычные_металл_красный,L_L_M,y,X
квадратные_титан_фиолетовый_L_L_L,1,0.6992924528301887,Y,квадратные_титан_фиолетовый,L_L_L,Y,X
квадратные_титан_черный/золотой_L_L_M,1,0.7004716981132075,y,квадратные_титан_черный/золотой,L_L_M,Y,X
квадратные_пластик_белый_M_L_S,1,0.7016509433962265,y,квадратные_пластик_белый,M_L_S,x,X
квадратные_пластик_бордовый_M_M_L,1,0.7028301886792453,y,квадратные_пластик_бордовый,M_M_L,X,X
квадратные_пластик_гавана_M_L_L,1,0.7040094339622641,y,квадратные_пластик_гавана,M_L_L,X,X
квадратные_пластик_гавана_M_L_M,1,0.7051886792452831,y,квадратные_пластик_гавана,M_L_M,X,X
квадратные_пластик_гавана_S_L_L,1,0.7063679245283019,y,квадратные_пластик_гавана,S_L_L,X,x
квадратные_пластик_голубой_L_L_M,1,0.7075471698113207,y,квадратные_пластик_голубой,L_L_M,Z,X
квадратные_пластик_черный/красный_L_L_S,1,0.7087264150943396,y,квадратные_пластик_черный/красный,L_L_S,Y,X
квадратные_пластик_черный/красный_M_L_L,1,0.7099056603773585,y,квадратные_пластик_черный/красный,M_L_L,Y,X
квадратные_пластик_черный/синий_M_L_S,1,0.7110849056603774,y,квадратные_пластик_черный/синий,M_L_S,Y,X
квадратные_пластик_черный_S_M_L,1,0.7122641509433962,y,квадратные_пластик_черный,S_M_L,X,z
квадратные_пластик_черный_S_M_S,1,0.7134433962264151,y,квадратные_пластик_черный,S_M_S,X,y
квадратные_титан_золотой_L_L_L,1,0.714622641509434,y,квадратные_титан_золотой,L_L_L,Y,X
квадратные_титан_золотой_M_L_L,1,0.7158018867924528,y,квадратные_титан_золотой,M_L_L,Y,X
квадратные_титан_серый_L_L_L,1,0.7169811320754716,y,квадратные_титан_серый,L_L_L,Y,X
овальные_металл_серый_L_L_L,1,0.7181603773584906,y,овальные_металл_серый,L_L_L,X,X
квадратные_пластик_сиреневый_M_L_L,1,0.7193396226415094,y,квадратные_пластик_сиреневый,M_L_L,Z,X
квадратные_пластик_темно-серый_L_L_L,1,0.7205188679245284,y,квадратные_пластик_темно-серый,L_L_L,X,X
квадратные_пластик_темно-серый_M_L_L,1,0.7216981132075472,y,квадратные_пластик_темно-серый,M_L_L,X,X
квадратные_пластик_фиолетовый_M_L_M,1,0.722877358490566,y,квадратные_пластик_фиолетовый,M_L_M,X,X
квадратные_пластик_фиолетовый_S_M_L,1,0.7240566037735849,y,квадратные_пластик_фиолетовый,S_M_L,X,z
квадратные_пластик_черный/зеленый_L_L_S,1,0.7252358490566038,y,квадратные_пластик_черный/зеленый,L_L_S,Z,X
квадратные_пластик_черный/золотой_L_L_L,1,0.7264150943396226,y,квадратные_пластик_черный/золотой,L_L_L,Y,X
овальные_металл_золотой_L_L_L,1,0.7275943396226415,y,овальные_металл_золотой,L_L_L,X,X
овальные_металл_золотой_L_L_M,1,0.7287735849056604,y,овальные_металл_золотой,L_L_M,X,X
овальные_металл_золотой_M_L_M,1,0.7299528301886793,y,овальные_металл_золотой,M_L_M,X,X
овальные_металл_серебристый_L_L_L,1,0.7311320754716981,y,овальные_металл_серебристый,L_L_L,X,X
овальные_металл_серебристый_L_M_L,1,0.7323113207547169,y,овальные_металл_серебристый,L_M_L,X,X
овальные_металл_серебристый_M_L_L,1,0.7334905660377359,y,овальные_металл_серебристый,M_L_L,X,X
овальные_металл_серебристый_M_L_M,1,0.7346698113207547,y,овальные_металл_серебристый,M_L_M,X,X
овальные_металл_серебристый_S_L_L,1,0.7358490566037735,y,овальные_металл_серебристый,S_L_L,X,x
квадратные_металл_серебристый_M_L_S,1,0.7370283018867925,y,квадратные_металл_серебристый,M_L_S,X,X
квадратные_металл_темно-серый_L_L_S,1,0.7382075471698113,y,квадратные_металл_темно-серый,L_L_S,X,X
квадратные_металл_черный/серебристый_M_L_L,1,0.7393867924528302,y,квадратные_металл_черный/серебристый,M_L_L,Z,X
панто_металл_золотой_L_M_L,1,0.7405660377358491,y,панто_металл_золотой,L_M_L,X,X
панто_металл_серебристый_M_M_L,1,0.7417452830188679,y,панто_металл_серебристый,M_M_L,X,X
панто_металл_серый_L_M_L,1,0.7429245283018868,y,панто_металл_серый,L_M_L,X,X
панто_металл_серый_L_S_L,1,0.7441037735849056,y,панто_металл_серый,L_S_L,X,Y
панто_металл_серый_M_L_M,1,0.7452830188679245,y,панто_металл_серый,M_L_M,X,X
овальные_титан_серебристый_M_L_L,1,0.7464622641509434,y,овальные_титан_серебристый,M_L_L,z,X
панто_металл и пластик_черный_L_M_L,1,0.7476415094339622,y,панто_металл и пластик_черный,L_M_L,z,X
панто_металл_бронзовый_L_M_L,1,0.7488207547169812,y,панто_металл_бронзовый,L_M_L,x,X
квадратные_металл_коричневый/золотой_L_L_L,1,0.75,y,квадратные_металл_коричневый/золотой,L_L_L,Z,X
квадратные_металл_коричневый_L_L_S,1,0.7511792452830188,y,квадратные_металл_коричневый,L_L_S,X,X
квадратные_металл_коричневый_M_L_L,1,0.7523584905660378,y,квадратные_металл_коричневый,M_L_L,X,X
квадратные_металл_серебристый/золотой_M_L_M,1,0.7535377358490566,y,квадратные_металл_серебристый/золотой,M_L_M,Z,X
квадратные_металл_серебристый_L_M_L,1,0.7547169811320755,y,квадратные_металл_серебристый,L_M_L,X,X
овальные_пластик_гавана_M_L_L,1,0.7558962264150944,y,овальные_пластик_гавана,M_L_L,X,X
овальные_пластик_голубой_S_S_L,1,0.7570754716981132,y,овальные_пластик_голубой,S_S_L,y,x
овальные_пластик_зеленый_M_L_L,1,0.7582547169811321,y,овальные_пластик_зеленый,M_L_L,Y,X
овальные_пластик_зеленый_S_S_L,1,0.7594339622641509,y,овальные_пластик_зеленый,S_S_L,Y,x
овальные_пластик_коричневый_L_L_L,1,0.7606132075471698,y,овальные_пластик_коричневый,L_L_L,Y,X
овальные_пластик_коричневый_M_L_L,1,0.7617924528301887,y,овальные_пластик_коричневый,M_L_L,Y,X
овальные_пластик_синий_S_S_L,1,0.7629716981132075,y,овальные_пластик_синий,S_S_L,x,x
овальные_титан_золотой_M_L_M,1,0.7641509433962265,y,овальные_титан_золотой,M_L_M,z,X
квадратные_пластик_зеленый_L_L_S,1,0.7653301886792453,y,квадратные_пластик_зеленый,L_L_S,x,X
квадратные_пластик_многоцветный_M_L_L,1,0.7665094339622641,y,квадратные_пластик_многоцветный,M_L_L,x,X
квадратные_пластик_синий_L_S_L,1,0.7676886792452831,y,квадратные_пластик_синий,L_S_L,X,Y
овальные_металл_серый_M_L_S,1,0.7688679245283019,y,овальные_металл_серый,M_L_S,X,X
овальные_металл_серый_M_S_L,1,0.7700471698113207,y,овальные_металл_серый,M_S_L,X,Y
овальные_металл_черный_L_M_L,1,0.7712264150943396,y,овальные_металл_черный,L_M_L,y,X
овальные_пластик_бирюзовый_S_S_S,1,0.7724056603773585,y,овальные_пластик_бирюзовый,S_S_S,y,Y
овальные_пластик_гавана_L_L_L,1,0.7735849056603774,y,овальные_пластик_гавана,L_L_L,X,X
квадратные_металл и пластик_черный_L_L_M,1,0.7747641509433962,y,квадратные_металл и пластик_черный,L_L_M,y,X
квадратные_металл_бронзовый_M_L_L,1,0.7759433962264151,y,квадратные_металл_бронзовый,M_L_L,X,X
квадратные_металл_бронзовый_M_L_M,1,0.777122641509434,y,квадратные_металл_бронзовый,M_L_M,X,X
квадратные_металл_желтый_L_L_L,1,0.7783018867924528,y,квадратные_металл_желтый,L_L_L,Y,X
квадратные_металл_желтый_M_M_L,1,0.7794811320754716,y,квадратные_металл_желтый,M_M_L,Y,X
капли_металл_серебристый_M_L_M,1,0.7806603773584906,y,капли_металл_серебристый,M_L_M,X,X
капли_металл_серебристый_M_L_S,1,0.7818396226415094,y,капли_металл_серебристый,M_L_S,X,X
капли_металл_темно-серый_M_L_M,1,0.7830188679245284,y,капли_металл_темно-серый,M_L_M,X,X
капли_титан_серый_L_L_M,1,0.7841981132075472,y,капли_титан_серый,L_L_M,X,X
капли_титан_темно-серый_S_L_L,1,0.785377358490566,y,капли_титан_темно-серый,S_L_L,y,x
капли_титан_черный_L_L_L,1,0.7865566037735849,y,капли_титан_черный,L_L_L,x,X
квадратные_металл и пластик_гавана_L_L_L,1,0.7877358490566038,y,квадратные_металл и пластик_гавана,L_L_L,y,X
квадратные_металл и пластик_золотой_L_L_L,1,0.7889150943396226,y,квадратные_металл и пластик_золотой,L_L_L,y,X
квадратные_металл и пластик_серебристый_M_L_M,1,0.7900943396226415,y,квадратные_металл и пластик_серебристый,M_L_M,y,X
квадратные_металл и пластик_серый_L_L_S,1,0.7912735849056604,y,квадратные_металл и пластик_серый,L_L_S,x,X
квадратные_металл и пластик_черный/золотой_M_L_M,1,0.7924528301886793,y,квадратные_металл и пластик_черный/золотой,M_L_M,X,X
панто_пластик_голубой_S_S_L,1,0.7936320754716981,y,панто_пластик_голубой,S_S_L,X,x
панто_пластик_горчичный_L_M_L,1,0.7948113207547169,y,панто_пластик_горчичный,L_M_L,Z,X
панто_пластик_желтый_M_S_L,1,0.7959905660377359,y,панто_пластик_желтый,M_S_L,x,Y
капли_титан_золотой_L_L_L,1,0.7971698113207547,y,капли_титан_золотой,L_L_L,X,X
капли_титан_золотой_L_L_M,1,0.7983490566037735,y,капли_титан_золотой,L_L_M,X,X
капли_титан_серебристый_L_L_M,1,0.7995283018867925,y,капли_титан_серебристый,L_L_M,x,X
капли_титан_серебристый_L_L_S,1,0.8007075471698113,y,капли_титан_серебристый,L_L_S,x,X
капли_титан_серебристый_M_L_S,1,0.8018867924528302,y,капли_титан_серебристый,M_L_S,x,X
панто_металл_синий/золотой_L_L_M,1,0.8030660377358491,y,панто_металл_синий/золотой,L_L_M,x,X
панто_металл_синий_L_L_L,1,0.8042452830188679,y,панто_металл_синий,L_L_L,Z,X
панто_металл_темно-серый_M_M_L,1,0.8054245283018868,y,панто_металл_темно-серый,M_M_L,X,X
панто_металл_черный/золотой_L_L_L,1,0.8066037735849056,y,панто_металл_черный/золотой,L_L_L,X,X
панто_металл_черный/розовый_M_L_L,1,0.8077830188679245,y,панто_металл_черный/розовый,M_L_L,Z,X
панто_пластик_бирюзовый_L_L_L,1,0.8089622641509434,y,панто_пластик_бирюзовый,L_L_L,Z,X
панто_пластик_гавана_L_M_L,1,0.8101415094339622,y,панто_пластик_гавана,L_M_L,X,X
панто_пластик_голубой_M_S_L,1,0.8113207547169812,y,панто_пластик_голубой,M_S_L,X,Y
гексагон_пластик_синий_S_M_M,1,0.8125,y,гексагон_пластик_синий,S_M_M,Y,y
гексагон_пластик_черепаховый_L_L_S,1,0.8136792452830188,y,гексагон_пластик_черепаховый,L_L_S,Y,X
гексагон_титан_золотой_L_M_L,1,0.8148584905660378,y,гексагон_титан_золотой,L_M_L,Y,X
гексагон_титан_золотой_M_M_L,1,0.8160377358490566,y,гексагон_титан_золотой,M_M_L,Y,X
гексагон_титан_коричневый_L_M_L,1,0.8172169811320755,y,гексагон_титан_коричневый,L_M_L,Y,X
капли_металл и пластик_коричневый/золотой_L_L_L,1,0.8183962264150944,y,капли_металл и пластик_коричневый/золотой,L_L_L,Y,X
капли_металл и пластик_черный/серебристый_L_L_M,1,0.8195754716981132,y,капли_металл и пластик_черный/серебристый,L_L_M,y,X
капли_металл и пластик_черный/серый_L_L_L,1,0.8207547169811321,y,капли_металл и пластик_черный/серый,L_L_L,y,X
панто_титан_золотой_M_L_L,1,0.8219339622641509,y,панто_титан_золотой,M_L_L,Y,X
панто_титан_серебристый_L_L_L,1,0.8231132075471698,y,панто_титан_серебристый,L_L_L,Z,X
панто_титан_черный/золотой_L_M_L,1,0.8242924528301887,y,панто_титан_черный/золотой,L_M_L,y,X
панто_титан_черный_M_L_L,1,0.8254716981132075,y,панто_титан_черный,M_L_L,y,X
гексагон_пластик_зеленый_L_L_M,1,0.8266509433962265,y,гексагон_пластик_зеленый,L_L_M,Y,X
гексагон_пластик_многоцветный_M_L_S,1,0.8278301886792453,y,гексагон_пластик_многоцветный,M_L_S,z,X
гексагон_пластик_серый_L_L_M,1,0.8290094339622641,y,гексагон_пластик_серый,L_L_M,z,X
гексагон_пластик_синий_L_L_L,1,0.8301886792452831,y,гексагон_пластик_синий,L_L_L,Y,X
панто_пластик_оливковый_S_M_S,1,0.8313679245283019,y,панто_пластик_оливковый,S_M_S,x,y
панто_пластик_прозрачный_M_M_L,1,0.8325471698113207,y,панто_пластик_прозрачный,M_M_L,X,X
панто_пластик_розовый_S_M_S,1,0.8337264150943396,y,панто_пластик_розовый,S_M_S,X,y
панто_пластик_серый_M_M_L,1,0.8349056603773585,y,панто_пластик_серый,M_M_L,x,X
панто_пластик_темно-серый_L_S_L,1,0.8360849056603774,y,панто_пластик_темно-серый,L_S_L,Z,Y
панто_пластик_черный/синий_M_M_L,1,0.8372641509433962,y,панто_пластик_черный/синий,M_M_L,Z,X
панто_пластик_черный_M_L_M,1,0.8384433962264151,y,панто_пластик_черный,M_L_M,X,X
панто_титан_золотой_L_M_L,1,0.839622641509434,y,панто_титан_золотой,L_M_L,Y,X
капли_металл_черный/золотой_M_L_S,1,0.8408018867924528,y,капли_металл_черный/золотой,M_L_S,y,X
капли_металл_черный/серый_L_L_M,1,0.8419811320754716,y,капли_металл_черный/серый,L_L_M,y,X
капли_пластик_бежевый_L_L_L,1,0.8431603773584906,y,капли_пластик_бежевый,L_L_L,y,X
капли_пластик_оливковый_L_L_S,1,0.8443396226415094,y,капли_пластик_оливковый,L_L_S,y,X
панто_пластик_желтый_S_S_S,1,0.8455188679245284,y,панто_пластик_желтый,S_S_S,x,Y
панто_пластик_зеленый_L_M_L,1,0.8466981132075472,y,панто_пластик_зеленый,L_M_L,X,X
панто_пластик_зеленый_S_S_S,1,0.847877358490566,y,панто_пластик_зеленый,S_S_S,X,Y
панто_пластик_малиновый_S_M_S,1,0.8490566037735849,y,панто_пластик_малиновый,S_M_S,Z,y
прямоугольные_пластик_голубой_M_M_L,1,0.8502358490566038,Z,прямоугольные_пластик_голубой,M_M_L,X,X
прямоугольные_пластик_голубой_S_L_L,1,0.8514150943396226,Z,прямоугольные_пластик_голубой,S_L_L,X,x
прямоугольные_пластик_желтый_S_L_L,1,0.8525943396226415,Z,прямоугольные_пластик_желтый,S_L_L,y,x
прямоугольные_пластик_зеленый_L_M_L,1,0.8537735849056604,Z,прямоугольные_пластик_зеленый,L_M_L,X,X
прямоугольные_пластик_зеленый_M_M_L,1,0.8549528301886793,Z,прямоугольные_пластик_зеленый,M_M_L,X,X
прямоугольные_пластик_красный_L_M_L,1,0.8561320754716981,Z,прямоугольные_пластик_красный,L_M_L,Y,X
прямоугольные_пластик_красный_S_L_L,1,0.8573113207547169,Z,прямоугольные_пластик_красный,S_L_L,Y,x
прямоугольные_пластик_многоцветный_L_L_M,1,0.8584905660377359,Z,прямоугольные_пластик_многоцветный,L_L_M,x,X
прямоугольные_металл_серебристый_M_M_L,1,0.8596698113207547,Z,прямоугольные_металл_серебристый,M_M_L,X,X
прямоугольные_металл_черный_M_L_S,1,0.8608490566037735,Z,прямоугольные_металл_черный,M_L_S,X,X
прямоугольные_металл_черный_S_L_S,1,0.8620283018867925,Z,прямоугольные_металл_черный,S_L_S,X,x
прямоугольные_пластик_белый_L_L_M,1,0.8632075471698113,Z,прямоугольные_пластик_белый,L_L_M,z,X
прямоугольные_пластик_бордовый_M_L_L,1,0.8643867924528302,Z,прямоугольные_пластик_бордовый,M_L_L,z,X
прямоугольные_пластик_гавана_L_L_M,1,0.8655660377358491,Z,прямоугольные_пластик_гавана,L_L_M,X,X
прямоугольные_пластик_гавана_M_L_L,1,0.8667452830188679,Z,прямоугольные_пластик_гавана,M_L_L,X,X
прямоугольные_пластик_голубой_M_L_M,1,0.8679245283018868,Z,прямоугольные_пластик_голубой,M_L_M,X,X
прямоугольные_металл и пластик_синий_M_L_L,1,0.8691037735849056,Z,прямоугольные_металл и пластик_синий,M_L_L,y,X
прямоугольные_металл и пластик_черепаховый_L_L_L,1,0.8702830188679245,Z,прямоугольные_металл и пластик_черепаховый,L_L_L,y,X
прямоугольные_металл и пластик_черный/золотой_M_L_L,1,0.8714622641509434,Z,прямоугольные_металл и пластик_черный/золотой,M_L_L,x,X
прямоугольные_металл и пластик_черный_L_L_L,1,0.8726415094339622,Z,прямоугольные_металл и пластик_черный,L_L_L,z,X
прямоугольные_металл_золотой_L_M_L,1,0.8738207547169812,Z,прямоугольные_металл_золотой,L_M_L,X,X
прямоугольные_металл_золотой_M_L_S,1,0.875,Z,прямоугольные_металл_золотой,M_L_S,X,X
прямоугольные_металл_золотой_S_L_M,1,0.8761792452830188,Z,прямоугольные_металл_золотой,S_L_M,X,Y
прямоугольные_металл_серебристый_M_L_L,1,0.8773584905660378,Z,прямоугольные_металл_серебристый,M_L_L,X,X
капли_металл и пластик_черный_L_L_L,1,0.8785377358490566,Z,капли_металл и пластик_черный,L_L_L,x,X
капли_металл и пластик_черный_L_L_M,1,0.8797169811320755,Z,капли_металл и пластик_черный,L_L_M,x,X
капли_металл и пластик_черный_M_L_M,1,0.8808962264150944,Z,капли_металл и пластик_черный,M_L_M,x,X
капли_металл_бронзовый_L_L_S,1,0.8820754716981132,Z,капли_металл_бронзовый,L_L_S,Y,X
капли_металл_бронзовый_L_M_L,1,0.8832547169811321,Z,капли_металл_бронзовый,L_M_L,Y,X
капли_металл_голубой_L_L_S,1,0.8844339622641509,Z,капли_металл_голубой,L_L_S,y,X
капли_металл_золотой_L_L_M,1,0.8856132075471698,Z,капли_металл_золотой,L_L_M,X,X
капли_металл_серебристый_L_L_L,1,0.8867924528301887,Z,капли_металл_серебристый,L_L_L,X,X
гексагон_металл_золотой_M_L_L,1,0.8879716981132075,Z,гексагон_металл_золотой,M_L_L,X,X
бабочка_пластик_фиолетовый_M_L_M,1,0.8891509433962265,Z,бабочка_пластик_фиолетовый,M_L_M,X,X
бабочка_пластик_черный/белый_M_L_L,1,0.8903301886792453,Z,бабочка_пластик_черный/белый,M_L_L,X,X
бабочка_пластик_черный/золотой_L_L_L,1,0.8915094339622641,Z,бабочка_пластик_черный/золотой,L_L_L,x,X
бабочка_пластик_черный/золотой_M_L_L,1,0.8926886792452831,Z,бабочка_пластик_черный/золотой,M_L_L,x,X
бабочка_пластик_черный_S_L_L,1,0.8938679245283019,Z,бабочка_пластик_черный,S_L_L,X,x
бабочка_титан_черный/розовый_M_L_L,1,0.8950471698113207,Z,бабочка_титан_черный/розовый,M_L_L,z,X
вайфайеры_металл и пластик_черный/серебристый_L_L_L,1,0.8962264150943396,Z,вайфайеры_металл и пластик_черный/серебристый,L_L_L,z,X
вайфайеры_пластик_черный_S_M_S,1,0.8974056603773585,Z,вайфайеры_пластик_черный,S_M_S,X,y
вайфайеры_пластик_черный_S_S_M,1,0.8985849056603774,Z,вайфайеры_пластик_черный,S_S_M,X,Y
гексагон_металл и пластик_зеленый_M_M_L,1,0.8997641509433962,Z,гексагон_металл и пластик_зеленый,M_M_L,x,X
гексагон_металл и пластик_красный_M_S_L,1,0.9009433962264151,Z,гексагон_металл и пластик_красный,M_S_L,Y,Y
гексагон_металл и пластик_черепаховый_M_M_L,1,0.902122641509434,Z,гексагон_металл и пластик_черепаховый,M_M_L,Y,X
гексагон_металл и пластик_черный/золотой_M_M_L,1,0.9033018867924528,Z,гексагон_металл и пластик_черный/золотой,M_M_L,Y,X
гексагон_металл_золотой_L_L_L,1,0.9044811320754716,Z,гексагон_металл_золотой,L_L_L,X,X
гексагон_металл_золотой_L_M_L,1,0.9056603773584906,Z,гексагон_металл_золотой,L_M_L,X,X
вайфайеры_пластик_синий_L_L_M,1,0.9068396226415094,Z,вайфайеры_пластик_синий,L_L_M,X,X
вайфайеры_пластик_синий_S_M_M,1,0.9080188679245284,Z,вайфайеры_пластик_синий,S_M_M,X,y
вайфайеры_пластик_фиолетовый_L_L_L,1,0.9091981132075472,Z,вайфайеры_пластик_фиолетовый,L_L_L,x,X
вайфайеры_пластик_фиолетовый_S_S_L,1,0.910377358490566,Z,вайфайеры_пластик_фиолетовый,S_S_L,x,x
вайфайеры_пластик_фиолетовый_S_S_M,1,0.9115566037735849,Z,вайфайеры_пластик_фиолетовый,S_S_M,x,Y
вайфайеры_пластик_черепаховый_L_L_L,1,0.9127358490566038,Z,вайфайеры_пластик_черепаховый,L_L_L,Y,X
вайфайеры_пластик_черный/розовый_L_S_L,1,0.9139150943396226,Z,вайфайеры_пластик_черный/розовый,L_S_L,Y,Y
вайфайеры_пластик_черный_S_L_L,1,0.9150943396226415,Z,вайфайеры_пластик_черный,S_L_L,X,x
прямоугольные_пластик_многоцветный_S_L_L,1,0.9162735849056604,Z,прямоугольные_пластик_многоцветный,S_L_L,x,x
прямоугольные_пластик_оранжевый_S_S_M,1,0.9174528301886793,Z,прямоугольные_пластик_оранжевый,S_S_M,z,Y
прямоугольные_пластик_прозрачный_L_L_L,1,0.9186320754716981,Z,прямоугольные_пластик_прозрачный,L_L_L,X,X
прямоугольные_пластик_прозрачный_L_L_M,1,0.9198113207547169,Z,прямоугольные_пластик_прозрачный,L_L_M,X,X
прямоугольные_пластик_розовый_M_M_L,1,0.9209905660377359,Z,прямоугольные_пластик_розовый,M_M_L,z,X
вайфайеры_пластик_розовый_S_S_L,1,0.9221698113207547,Z,вайфайеры_пластик_розовый,S_S_L,X,x
вайфайеры_пластик_розовый_S_S_S,1,0.9233490566037735,Z,вайфайеры_пластик_розовый,S_S_S,X,Y
вайфайеры_пластик_серый_L_L_L,1,0.9245283018867925,Z,вайфайеры_пластик_серый,L_L_L,Z,X
трапеция_пластик_черный_L_M_L,1,0.9257075471698113,Z,трапеция_пластик_черный,L_M_L,X,X
авиаторы_металл_золотой_M_L_L,1,0.9268867924528302,Z,авиаторы_металл_золотой,M_L_L,X,X
авиаторы_металл_золотой_L_L_L,1,0.9280660377358491,Z,авиаторы_металл_золотой,L_L_L,X,X
трапеция_титан_золотой_L_L_S,1,0.9292452830188679,Z,трапеция_титан_золотой,L_L_S,Y,X
трапеция_титан_серебристый_M_L_M,1,0.9304245283018868,Z,трапеция_титан_серебристый,M_L_M,Y,X
авиаторы_металл_голубой_M_L_S,1,0.9316037735849056,Z,авиаторы_металл_голубой,M_L_S,Y,X
трапеция_титан_черный/серый_L_L_M,1,0.9327830188679245,Z,трапеция_титан_черный/серый,L_L_M,z,X
трапеция_пластик_гавана_L_M_L,1,0.9339622641509434,Z,трапеция_пластик_гавана,L_M_L,Y,X
спортивные_пластик_красный_S_M_M,1,0.9351415094339622,Z,спортивные_пластик_красный,S_M_M,Y,y
спортивные_пластик_синий_S_L_S,1,0.9363207547169812,Z,спортивные_пластик_синий,S_L_S,X,x
спортивные_пластик_темно-серый_S_L_L,1,0.9375,Z,спортивные_пластик_темно-серый,S_L_L,Y,x
спортивные_пластик_темно-серый_S_L_M,1,0.9386792452830188,Z,спортивные_пластик_темно-серый,S_L_M,Y,Y
спортивные_пластик_черный/синий_L_L_L,1,0.9398584905660378,Z,спортивные_пластик_черный/синий,L_L_L,x,X
спортивные_пластик_черный/синий_M_L_M,1,0.9410377358490566,Z,спортивные_пластик_черный/синий,M_L_M,x,X
спортивные_пластик_черный/синий_M_L_S,1,0.9422169811320755,Z,спортивные_пластик_черный/синий,M_L_S,x,X
авиаторы_металл_красный_M_L_S,1,0.9433962264150944,Z,авиаторы_металл_красный,M_L_S,y,X
прямоугольные_титан_серый/золотой_M_M_L,1,0.9445754716981132,Z,прямоугольные_титан_серый/золотой,M_M_L,Z,X
прямоугольные_титан_серый_L_L_L,1,0.9457547169811321,Z,прямоугольные_титан_серый,L_L_L,x,X
прямоугольные_титан_серый_L_L_S,1,0.9469339622641509,Z,прямоугольные_титан_серый,L_L_S,x,X
прямоугольные_титан_серый_M_L_L,1,0.9481132075471698,Z,прямоугольные_титан_серый,M_L_L,x,X
прямоугольные_титан_черный/серебристый_M_M_L,1,0.9492924528301887,Z,прямоугольные_титан_черный/серебристый,M_M_L,Z,X
ромб_металл_серебристый_M_S_L,1,0.9504716981132075,z,ромб_металл_серебристый,M_S_L,Z,Y
ромб_титан_золотой_L_M_L,1,0.9516509433962265,z,ромб_титан_золотой,L_M_L,Z,X
спортивные_пластик_коричневый_M_L_M,1,0.9528301886792453,z,спортивные_пластик_коричневый,M_L_M,X,X
бабочка_металл_сиреневый_M_L_S,1,0.9540094339622641,z,бабочка_металл_сиреневый,M_L_S,z,X
бабочка_металл_черный/золотой_L_L_S,1,0.9551886792452831,z,бабочка_металл_черный/золотой,L_L_S,X,X
бабочка_металл_черный/красный_L_L_M,1,0.9563679245283019,z,бабочка_металл_черный/красный,L_L_M,z,X
бабочка_пластик_бежевый_M_L_S,1,0.9575471698113207,z,бабочка_пластик_бежевый,M_L_S,X,X
бабочка_пластик_бордовый_L_L_M,1,0.9587264150943396,z,бабочка_пластик_бордовый,L_L_M,X,X
прямоугольные_титан_золотой_M_L_M,1,0.9599056603773585,z,прямоугольные_титан_золотой,M_L_M,x,X
прямоугольные_титан_коричневый_L_L_L,1,0.9610849056603774,z,прямоугольные_титан_коричневый,L_L_L,Z,X
прямоугольные_титан_серебристый_L_L_M,1,0.9622641509433962,z,прямоугольные_титан_серебристый,L_L_M,Z,X
круглые_металл_черный_M_L_L,1,0.9634433962264151,z,круглые_металл_черный,M_L_L,X,X
круглые_металл_черный_M_S_L,1,0.964622641509434,z,круглые_металл_черный,M_S_L,X,Y
круглые_пластик_бордовый_L_M_L,1,0.9658018867924528,z,круглые_пластик_бордовый,L_M_L,y,X
круглые_пластик_гавана_M_L_L,1,0.9669811320754716,z,круглые_пластик_гавана,M_L_L,Z,X
круглые_пластик_зеленый_S_S_L,1,0.9681603773584906,z,круглые_пластик_зеленый,S_S_L,Z,x
круглые_пластик_оранжевый_M_L_M,1,0.9693396226415094,z,круглые_пластик_оранжевый,M_L_M,x,X
круглые_пластик_оранжевый_S_S_L,1,0.9705188679245284,z,круглые_пластик_оранжевый,S_S_L,x,x
круглые_пластик_фиолетовый_L_M_L,1,0.9716981132075472,z,круглые_пластик_фиолетовый,L_M_L,Z,X
круглые_металл и пластик_черный/золотой_M_M_L,1,0.972877358490566,z,круглые_металл и пластик_черный/золотой,M_M_L,x,X
круглые_металл и пластик_черный_L_S_L,1,0.9740566037735849,z,круглые_металл и пластик_черный,L_S_L,y,Y
круглые_металл_бежевый_M_L_L,1,0.9752358490566038,z,круглые_металл_бежевый,M_L_L,Z,X
круглые_металл_золотой_L_L_M,1,0.9764150943396226,z,круглые_металл_золотой,L_L_M,X,X
круглые_металл_серебристый_L_M_L,1,0.9775943396226415,z,круглые_металл_серебристый,L_M_L,X,X
круглые_металл_синий/золотой_L_L_S,1,0.9787735849056604,z,круглые_металл_синий/золотой,L_L_S,y,X
круглые_металл_черный/золотой_L_L_S,1,0.9799528301886793,z,круглые_металл_черный/золотой,L_L_S,y,X
круглые_металл_черный_L_S_L,1,0.9811320754716981,z,круглые_металл_черный,L_S_L,X,Y
трапеция_пластик_черный/прозрачный_L_L_M,1,0.9823113207547169,z,трапеция_пластик_черный/прозрачный,L_L_M,Y,X
кошачий глаз_пластик_черный_S_L_L,1,0.9834905660377359,z,кошачий глаз_пластик_черный,S_L_L,X,x
круглые_металл и пластик_желтый_M_M_L,1,0.9846698113207547,z,круглые_металл и пластик_желтый,M_M_L,y,X
круглые_металл и пластик_оранжевый_M_M_L,1,0.9858490566037735,z,круглые_металл и пластик_оранжевый,M_M_L,y,X
круглые_металл и пластик_синий/золотой_M_M_L,1,0.9870283018867925,z,круглые_металл и пластик_синий/золотой,M_M_L,y,X
круглые_металл и пластик_черепаховый_M_M_L,1,0.9882075471698113,z,круглые_металл и пластик_черепаховый,M_M_L,y,X
круглые_металл и пластик_черный/золотой_L_L_L,1,0.9893867924528302,z,круглые_металл и пластик_черный/золотой,L_L_L,x,X
круглые_металл и пластик_черный/золотой_M_L_L,1,0.9905660377358491,z,круглые_металл и пластик_черный/золотой,M_L_L,x,X
трапеция_пластик_коричневый_M_L_L,1,0.9917452830188679,z,трапеция_пластик_коричневый,M_L_L,Y,X
трапеция_пластик_многоцветный_L_L_M,1,0.9929245283018868,z,трапеция_пластик_многоцветный,L_L_M,y,X
трапеция_пластик_оливковый_L_L_L,1,0.9941037735849056,z,трапеция_пластик_оливковый,L_L_L,y,X
трапеция_пластик_прозрачный_L_L_M,1,0.9952830188679245,z,трапеция_пластик_прозрачный,L_L_M,y,X
трапеция_пластик_серый_L_L_L,1,0.9964622641509434,z,трапеция_пластик_серый,L_L_L,y,X
трапеция_пластик_синий_M_L_L,1,0.9976415094339622,z,трапеция_пластик_синий,M_L_L,X,X
трапеция_пластик_черепаховый_L_M_L,1,0.9988207547169812,z,трапеция_пластик_черепаховый,L_M_L,y,X
трапеция_пластик_черный/золотой_L_M_L,1,1.0,z,трапеция_пластик_черный/золотой,L_M_L,Y,X
