ds,yhat,salon,class_style
2024-12-01 19:45:30,1.0095535562796547,Васенко,квадратные_пластик_черный
2024-12-08 19:45:30,1.0084927119442102,Васенко,квадратные_пластик_черный
2024-12-15 19:45:30,1.0074318676087657,Васенко,квадратные_пластик_черный
2024-12-22 19:45:30,1.0063710232733212,Васенко,квадратные_пластик_черный
2024-12-29 19:45:30,1.0053101789378767,Васенко,квадратные_пластик_черный
2025-01-05 19:45:30,1.0042493346024322,Васенко,квадратные_пластик_черный
2025-01-12 19:45:30,1.0031884902669876,Васенко,квадратные_пластик_черный
2025-01-19 19:45:30,1.0021276459315431,Васенко,квадратные_пластик_черный
2024-12-22 15:40:27,1.0,Васенко,прямоугольные_пластик_черный
2024-12-29 15:40:27,1.0,Васенко,прямоугольные_пластик_черный
2025-01-05 15:40:27,1.0,Васенко,прямоугольные_пластик_черный
2025-01-12 15:40:27,1.0,Васенко,прямоугольные_пластик_черный
2025-01-19 15:40:27,1.0,Васенко,прямоугольные_пластик_черный
2025-01-26 15:40:27,1.0,Васенко,прямоугольные_пластик_черный
2025-02-02 15:40:27,1.0,Васенко,прямоугольные_пластик_черный
2025-02-09 15:40:27,1.0,Васенко,прямоугольные_пластик_черный
2024-11-17 12:24:46,1.0,Васенко,бабочка_пластик_черный
2024-11-24 12:24:46,1.0,Васенко,бабочка_пластик_черный
2024-12-01 12:24:46,1.0,Васенко,бабочка_пластик_черный
2024-12-08 12:24:46,1.0,Васенко,бабочка_пластик_черный
2024-12-15 12:24:46,1.0,Васенко,бабочка_пластик_черный
2024-12-22 12:24:46,1.0,Васенко,бабочка_пластик_черный
2024-12-29 12:24:46,1.0,Васенко,бабочка_пластик_черный
2025-01-05 12:24:46,1.0,Васенко,бабочка_пластик_черный
2024-11-17 13:42:59,1.0,Васенко,прямоугольные_металл_золотой
2024-11-24 13:42:59,1.0,Васенко,прямоугольные_металл_золотой
2024-12-01 13:42:59,1.0,Васенко,прямоугольные_металл_золотой
2024-12-08 13:42:59,1.0,Васенко,прямоугольные_металл_золотой
2024-12-15 13:42:59,1.0,Васенко,прямоугольные_металл_золотой
2024-12-22 13:42:59,1.0,Васенко,прямоугольные_металл_золотой
2024-12-29 13:42:59,1.0,Васенко,прямоугольные_металл_золотой
2025-01-05 13:42:59,1.0,Васенко,прямоугольные_металл_золотой
2024-08-04 16:01:47,1.0,Васенко,необычные_металл_золотой
2024-08-11 16:01:47,1.0,Васенко,необычные_металл_золотой
2024-08-18 16:01:47,1.0,Васенко,необычные_металл_золотой
2024-08-25 16:01:47,1.0,Васенко,необычные_металл_золотой
2024-09-01 16:01:47,1.0,Васенко,необычные_металл_золотой
2024-09-08 16:01:47,1.0,Васенко,необычные_металл_золотой
2024-09-15 16:01:47,1.0,Васенко,необычные_металл_золотой
2024-09-22 16:01:47,1.0,Васенко,необычные_металл_золотой
2024-09-22 09:39:58,1.0,40 лет Октября,бабочка_пластик_черный
2024-09-29 09:39:58,1.0,40 лет Октября,бабочка_пластик_черный
2024-10-06 09:39:58,1.0,40 лет Октября,бабочка_пластик_черный
2024-10-13 09:39:58,1.0,40 лет Октября,бабочка_пластик_черный
2024-10-20 09:39:58,1.0,40 лет Октября,бабочка_пластик_черный
2024-10-27 09:39:58,1.0,40 лет Октября,бабочка_пластик_черный
2024-11-03 09:39:58,1.0,40 лет Октября,бабочка_пластик_черный
2024-11-10 09:39:58,1.0,40 лет Октября,бабочка_пластик_черный
2024-09-15 09:42:03,0.9943806194030369,40 лет Октября,квадратные_пластик_черный
2024-09-22 09:42:03,0.9941227905389503,40 лет Октября,квадратные_пластик_черный
2024-09-29 09:42:03,0.9938649616748636,40 лет Октября,квадратные_пластик_черный
2024-10-06 09:42:03,0.9936071328107768,40 лет Октября,квадратные_пластик_черный
2024-10-13 09:42:03,0.9933493039466902,40 лет Октября,квадратные_пластик_черный
2024-10-20 09:42:03,0.9930914750826035,40 лет Октября,квадратные_пластик_черный
2024-10-27 09:42:03,0.9928336462185169,40 лет Октября,квадратные_пластик_черный
2024-11-03 09:42:03,0.9925758173544301,40 лет Октября,квадратные_пластик_черный
2024-08-18 13:25:41,1.0,40 лет Октября,прямоугольные_пластик_черный
2024-08-25 13:25:41,1.0,40 лет Октября,прямоугольные_пластик_черный
2024-09-01 13:25:41,1.0,40 лет Октября,прямоугольные_пластик_черный
2024-09-08 13:25:41,1.0,40 лет Октября,прямоугольные_пластик_черный
2024-09-15 13:25:41,1.0,40 лет Октября,прямоугольные_пластик_черный
2024-09-22 13:25:41,1.0,40 лет Октября,прямоугольные_пластик_черный
2024-09-29 13:25:41,1.0,40 лет Октября,прямоугольные_пластик_черный
2024-10-06 13:25:41,1.0,40 лет Октября,прямоугольные_пластик_черный
2024-08-18 09:32:45,1.130291600375168,40 лет Октября,спортивные_пластик_черный
2024-08-25 09:32:45,1.1321896823782414,40 лет Октября,спортивные_пластик_черный
2024-09-01 09:32:45,1.1340877643813148,40 лет Октября,спортивные_пластик_черный
2024-09-08 09:32:45,1.1359858463843882,40 лет Октября,спортивные_пластик_черный
2024-09-15 09:32:45,1.1378839283874616,40 лет Октября,спортивные_пластик_черный
2024-09-22 09:32:45,1.1397820103905347,40 лет Октября,спортивные_пластик_черный
2024-09-29 09:32:45,1.1416800923936081,40 лет Октября,спортивные_пластик_черный
2024-10-06 09:32:45,1.1435781743966815,40 лет Октября,спортивные_пластик_черный
2024-09-01 12:34:18,1.0,40 лет Октября,капли_металл_темно-серый
2024-09-08 12:34:18,1.0,40 лет Октября,капли_металл_темно-серый
2024-09-15 12:34:18,1.0,40 лет Октября,капли_металл_темно-серый
2024-09-22 12:34:18,1.0,40 лет Октября,капли_металл_темно-серый
2024-09-29 12:34:18,1.0,40 лет Октября,капли_металл_темно-серый
2024-10-06 12:34:18,1.0,40 лет Октября,капли_металл_темно-серый
2024-10-13 12:34:18,1.0,40 лет Октября,капли_металл_темно-серый
2024-10-20 12:34:18,1.0,40 лет Октября,капли_металл_темно-серый
2024-11-10 14:27:14,1.0,Комсомольский,бабочка_пластик_черный
2024-11-17 14:27:14,1.0,Комсомольский,бабочка_пластик_черный
2024-11-24 14:27:14,1.0,Комсомольский,бабочка_пластик_черный
2024-12-01 14:27:14,1.0,Комсомольский,бабочка_пластик_черный
2024-12-08 14:27:14,1.0,Комсомольский,бабочка_пластик_черный
2024-12-15 14:27:14,1.0,Комсомольский,бабочка_пластик_черный
2024-12-22 14:27:14,1.0,Комсомольский,бабочка_пластик_черный
2024-12-29 14:27:14,1.0,Комсомольский,бабочка_пластик_черный
2024-12-08 11:23:25,1.0,Комсомольский,прямоугольные_пластик_черный
2024-12-15 11:23:25,1.0,Комсомольский,прямоугольные_пластик_черный
2024-12-22 11:23:25,1.0,Комсомольский,прямоугольные_пластик_черный
2024-12-29 11:23:25,1.0,Комсомольский,прямоугольные_пластик_черный
2025-01-05 11:23:25,1.0,Комсомольский,прямоугольные_пластик_черный
2025-01-12 11:23:25,1.0,Комсомольский,прямоугольные_пластик_черный
2025-01-19 11:23:25,1.0,Комсомольский,прямоугольные_пластик_черный
2025-01-26 11:23:25,1.0,Комсомольский,прямоугольные_пластик_черный
2024-12-29 16:05:02,1.0,Комсомольский,квадратные_пластик_черный
2025-01-05 16:05:02,1.0,Комсомольский,квадратные_пластик_черный
2025-01-12 16:05:02,1.0,Комсомольский,квадратные_пластик_черный
2025-01-19 16:05:02,1.0,Комсомольский,квадратные_пластик_черный
2025-01-26 16:05:02,1.0,Комсомольский,квадратные_пластик_черный
2025-02-02 16:05:02,1.0,Комсомольский,квадратные_пластик_черный
2025-02-09 16:05:02,1.0,Комсомольский,квадратные_пластик_черный
2025-02-16 16:05:02,1.0,Комсомольский,квадратные_пластик_черный
2024-10-13 16:01:54,1.0,Комсомольский,спортивные_пластик_черный
2024-10-20 16:01:54,1.0,Комсомольский,спортивные_пластик_черный
2024-10-27 16:01:54,1.0,Комсомольский,спортивные_пластик_черный
2024-11-03 16:01:54,1.0,Комсомольский,спортивные_пластик_черный
2024-11-10 16:01:54,1.0,Комсомольский,спортивные_пластик_черный
2024-11-17 16:01:54,1.0,Комсомольский,спортивные_пластик_черный
2024-11-24 16:01:54,1.0,Комсомольский,спортивные_пластик_черный
2024-12-01 16:01:54,1.0,Комсомольский,спортивные_пластик_черный
2024-09-01 14:50:34,1.0,Комсомольский,бабочка_пластик_коричневый
2024-09-08 14:50:34,1.0,Комсомольский,бабочка_пластик_коричневый
2024-09-15 14:50:34,1.0,Комсомольский,бабочка_пластик_коричневый
2024-09-22 14:50:34,1.0,Комсомольский,бабочка_пластик_коричневый
2024-09-29 14:50:34,1.0,Комсомольский,бабочка_пластик_коричневый
2024-10-06 14:50:34,1.0,Комсомольский,бабочка_пластик_коричневый
2024-10-13 14:50:34,1.0,Комсомольский,бабочка_пластик_коричневый
2024-10-20 14:50:34,1.0,Комсомольский,бабочка_пластик_коричневый
2024-09-08 16:37:15,1.0,Комарова,бабочка_пластик_черный
2024-09-15 16:37:15,1.0,Комарова,бабочка_пластик_черный
2024-09-22 16:37:15,1.0,Комарова,бабочка_пластик_черный
2024-09-29 16:37:15,1.0,Комарова,бабочка_пластик_черный
2024-10-06 16:37:15,1.0,Комарова,бабочка_пластик_черный
2024-10-13 16:37:15,1.0,Комарова,бабочка_пластик_черный
2024-10-20 16:37:15,1.0,Комарова,бабочка_пластик_черный
2024-10-27 16:37:15,1.0,Комарова,бабочка_пластик_черный
2024-07-28 13:16:04,1.0,Комарова,прямоугольные_пластик_черный
2024-08-04 13:16:04,1.0,Комарова,прямоугольные_пластик_черный
2024-08-11 13:16:04,1.0,Комарова,прямоугольные_пластик_черный
2024-08-18 13:16:04,1.0,Комарова,прямоугольные_пластик_черный
2024-08-25 13:16:04,1.0,Комарова,прямоугольные_пластик_черный
2024-09-01 13:16:04,1.0,Комарова,прямоугольные_пластик_черный
2024-09-08 13:16:04,1.0,Комарова,прямоугольные_пластик_черный
2024-09-15 13:16:04,1.0,Комарова,прямоугольные_пластик_черный
2024-07-28 12:53:53,1.0,Комарова,квадратные_пластик_черный
2024-08-04 12:53:53,1.0,Комарова,квадратные_пластик_черный
2024-08-11 12:53:53,1.0,Комарова,квадратные_пластик_черный
2024-08-18 12:53:53,1.0,Комарова,квадратные_пластик_черный
2024-08-25 12:53:53,1.0,Комарова,квадратные_пластик_черный
2024-09-01 12:53:53,1.0,Комарова,квадратные_пластик_черный
2024-09-08 12:53:53,1.0,Комарова,квадратные_пластик_черный
2024-09-15 12:53:53,1.0,Комарова,квадратные_пластик_черный
2024-06-09 18:12:15,1.0,Комарова,бабочка_пластик_коричневый
2024-06-16 18:12:15,1.0,Комарова,бабочка_пластик_коричневый
2024-06-23 18:12:15,1.0,Комарова,бабочка_пластик_коричневый
2024-06-30 18:12:15,1.0,Комарова,бабочка_пластик_коричневый
2024-07-07 18:12:15,1.0,Комарова,бабочка_пластик_коричневый
2024-07-14 18:12:15,1.0,Комарова,бабочка_пластик_коричневый
2024-07-21 18:12:15,1.0,Комарова,бабочка_пластик_коричневый
2024-07-28 18:12:15,1.0,Комарова,бабочка_пластик_коричневый
2024-08-04 17:41:17,1.0,Комарова,прямоугольные_металл_черный
2024-08-11 17:41:17,1.0,Комарова,прямоугольные_металл_черный
2024-08-18 17:41:17,1.0,Комарова,прямоугольные_металл_черный
2024-08-25 17:41:17,1.0,Комарова,прямоугольные_металл_черный
2024-09-01 17:41:17,1.0,Комарова,прямоугольные_металл_черный
2024-09-08 17:41:17,1.0,Комарова,прямоугольные_металл_черный
2024-09-15 17:41:17,1.0,Комарова,прямоугольные_металл_черный
2024-09-22 17:41:17,1.0,Комарова,прямоугольные_металл_черный
